entry_date,exit_date,entry_price,exit_price,direction,pnl,holding_period
2023-04-13,2023-04-18,137.7523902107605,129.61869068788113,short,28.46794833007779,3
2023-04-26,2023-07-06,140.44673948777987,102.09815830939203,short,268.44006824871485,48
2023-03-30,2023-04-17,102.4679132783016,111.68749220579508,short,64.53705249245441,11
2023-04-19,2023-05-30,118.41728897500543,112.8935495909059,short,19.33308784434835,28
2023-05-25,2023-06-05,92.38302827683864,95.67518091974176,short,11.522534250160916,6
2023-06-08,2023-07-06,98.80413084415343,99.04262506768728,short,-0.8347297823684698,18
2023-03-30,2023-04-18,97.54060235546552,103.70193068950721,short,21.564649169145895,12
2023-04-27,2023-07-06,108.6708894006951,111.87811243136586,short,-11.225280607347663,47
2023-03-30,2023-04-19,107.73123877962516,113.12974670545728,short,18.894777740412422,13
2023-05-03,2023-06-15,107.16091052612774,106.63751749907956,short,-3.663751189337205,30
2023-04-05,2023-05-23,93.86186533835556,89.13871052057127,short,16.53104186224502,33
2023-06-08,2023-07-06,93.44412341686592,95.84354670303225,short,-8.397981501582137,18
2023-03-30,2023-04-05,142.57811959762142,148.6075800779725,short,21.103111681228768,4
2023-04-19,2023-05-23,157.26769780460154,148.62575643101292,short,30.24679480756018,24
2023-06-08,2023-06-16,143.01051836612857,148.8017367145596,short,20.269264219508656,6
2023-04-19,2023-05-22,170.05553029892462,161.07535420862587,short,62.86123263209129,23
2023-05-25,2023-06-15,153.55362466318746,159.12848359523625,short,19.512006262170743,14
2023-04-04,2023-06-08,172.6905801769095,165.5690958266416,short,-24.92519522593767,45
2023-06-13,2023-07-06,187.6581958914743,187.63948162206708,short,0.1309998858504855,15
2023-03-30,2023-07-06,-90.20702138840034,-131.2916606078282,short,-143.7962372679975,66
2023-03-30,2023-04-05,-10.394666144053431,-2.428179939061309,short,55.76540343494486,4
2023-04-19,2023-06-15,2.454579537467197,3.2496001385279385,short,-2.782572103712596,40
2023-07-06,2023-07-06,0.8887914791687876,0.8887914791687876,short,0.0,0
2023-09-29,2023-11-08,203.10893351037535,211.28083411718174,short,28.60165212382236,28
2023-11-16,2024-01-04,221.56308697909174,233.31356348125217,short,-41.126667757561535,32
2023-09-29,2023-11-10,127.22648710815777,129.79681500548472,short,17.992295281288634,30
2023-12-04,2024-01-04,137.32791909615673,134.99707215798125,short,8.157964283614191,21
2023-10-02,2023-11-21,677.4570078611214,663.1424890529697,short,-50.10081582853081,36
2023-12-13,2024-01-04,712.2132921508878,746.3242807075244,short,-238.7769198964561,14
2023-09-29,2023-11-20,175.86796689529766,174.5467266955291,short,-9.248681398379972,36
2023-12-01,2024-01-04,180.20494104920664,182.8235934389567,short,-9.165283364125187,22
2023-09-29,2023-11-21,121.8543317560703,117.47065390008125,short,-15.342872495961672,37
2023-12-14,2024-01-04,126.18894607505686,120.96628721812775,short,36.55861199850381,13
2023-09-29,2023-10-19,541.0849633937182,568.8737687499522,long,389.0432749872757,14
2023-11-22,2024-01-04,585.8578487884699,617.0627450024105,short,-109.2171367487918,28
2023-09-29,2023-10-26,84.26279900933228,90.3516098901748,short,42.62167616589761,19
2023-11-29,2024-01-04,94.49411664416748,100.40355822794501,short,-20.683045543221375,24
2023-10-10,2024-01-04,-12.855947356176785,-23.810707639508493,short,-38.34166099166098,59
2023-10-04,2023-10-11,-54.28910466537853,-61.36725941151292,short,24.773541611470357,5
2023-10-13,2023-10-18,-55.98158070936772,-61.22490162997988,short,18.35162322214257,3
2023-10-25,2023-10-27,-57.387925584848404,-60.52262830259164,short,10.971459512101333,2
2023-10-31,2023-11-09,-64.76517714789543,-62.527736146497446,short,7.831043504892939,7
2023-11-10,2024-01-04,-65.8336039301461,-99.55978458037119,short,-118.0416322757878,36
2023-09-29,2023-10-11,6.712290509474087,-0.9790997273680944,short,53.83973165789527,8
2023-10-23,2023-12-07,-7.371719328976354,-7.133020827135709,short,0.8354447564422571,32
2024-01-04,2024-01-04,-4.4276744432253565,-4.4276744432253565,short,-0.0,0
2023-09-29,2023-10-18,-2.567494343330452,-5.157902369579688,short,9.066428091872325,13
2023-12-20,2024-01-04,-2.1988273106035052,-2.0153633465595533,short,-0.6421238741538318,9
2023-09-29,2023-10-04,-18.61790846801881,-15.001357770749138,short,12.657927440443856,3
2023-10-12,2023-10-20,-12.734078124687613,-14.613537689107517,short,6.578108475469662,6
2023-10-31,2024-01-04,-17.379245368144268,-34.82915027823957,short,-61.074667185333546,44
2023-09-29,2023-11-03,-62.21937244263697,-56.94070169038855,short,18.475347632869457,25
2023-11-20,2024-01-04,-62.03742232861228,-87.76928303560874,short,-90.0615124744876,30
2024-04-02,2024-04-25,-0.44828118777732584,9.539394470024803,short,69.9137296046149,17
2024-05-03,2024-07-08,19.90588393520173,40.261048623294215,short,-71.2430764083237,43
2024-04-02,2024-04-24,53.7461415700315,66.39134962301034,short,44.258228185425956,16
2024-05-17,2024-06-24,71.04548047085315,56.53022511762987,short,50.803393736281485,24
2024-04-02,2024-07-08,61.21970363443607,113.19195928954166,short,181.90289479286955,66
2024-04-04,2024-06-03,140.45215154569996,154.7674481657768,short,50.103538170268976,41
2024-06-13,2024-07-08,168.3693196861629,179.05980227547923,short,-37.41668906260716,15
2024-04-03,2024-04-05,121.11716292804886,131.29219571228208,short,35.612614744816284,2
2024-04-25,2024-05-02,114.81384374082393,125.72675244874614,short,76.39036095545549,5
2024-05-14,2024-05-21,113.61907332078107,122.59464770250094,short,31.414510336019532,5
2024-06-05,2024-07-08,114.5932684815835,83.19560726151798,short,-109.8918142702293,21
2024-04-04,2024-06-03,37.32704458492958,2.46999941304324,short,121.9996581016022,41
2024-06-12,2024-07-08,-28.428097337826102,-99.0626058005389,short,-247.2207796194948,16
2024-04-16,2024-05-23,0.02672117404498664,0.5337911032594462,short,1.7747447522506086,27
2024-06-03,2024-07-08,1.403003882591058,1.773679914729989,short,-1.2973661124862588,23
2024-04-12,2024-06-11,239.92884971976434,239.22514903906207,short,-2.4629523824579422,41
2024-06-18,2024-06-25,258.16360465408746,240.6838498779473,short,61.17914171649059,4
2024-04-11,2024-05-03,257.43308512484043,264.8745019764333,short,26.044958980575018,16
2024-05-22,2024-06-12,245.38407829629594,262.0918635418535,short,58.47724835945151,14
2024-06-18,2024-06-25,270.8288986675927,256.502060065628,short,50.143935106876484,4
2024-04-10,2024-06-13,258.4812459840768,247.7433867211586,short,-37.58250742021367,45
2024-07-01,2024-07-08,234.35824155943524,236.303595911907,short,6.808740233651136,4
2024-04-02,2024-07-08,110.45001888211303,96.1520930103121,long,-200.170962205213,66
2024-05-17,2024-07-08,161.3165139650101,139.8284317601539,short,-75.2082877169967,33
2024-04-02,2024-04-19,576.1871820573434,613.3776165739298,long,520.6660832322093,13
2024-05-15,2024-05-31,626.3257033410683,601.8832970055377,short,85.54842217435737,11
2024-04-02,2024-04-18,569.1523569333501,597.0170920350582,long,390.1062914239135,12
2024-05-09,2024-05-31,618.2866451731838,604.7776109321431,short,47.28161984364243,15
2024-04-02,2024-04-23,215.80730085099964,245.45348455855574,long,415.04657190578547,15
2024-05-03,2024-05-10,219.8813874983701,240.7369361828636,short,72.99442039572725,5
2024-05-29,2024-06-13,223.08787133810685,233.5812044723303,short,36.72666596978212,11
2024-06-18,2024-06-28,213.35997707203717,235.5839413539315,short,155.56774997326028,7
2024-07-05,2024-07-08,216.05548420605044,216.8703519971042,short,2.85203726868815,1
2024-04-02,2024-04-11,-11.125680729173595,-10.12934773187245,short,3.487165490554009,7
2024-04-25,2024-07-08,-8.026529222950035,-2.2950766067880295,short,-80.24033662626809,49
2024-04-12,2024-06-12,130.6419959027154,129.7899677280173,short,-2.9820986114433197,42
2024-06-20,2024-07-03,132.5289777532893,128.78070110150708,short,13.11896828123777,9
2024-07-05,2024-07-08,130.96025420515647,129.2163326254385,short,6.1037255290129195,1
2024-04-03,2024-06-21,101.80639506060272,98.08774620278678,short,-13.015271002355824,55
2024-07-03,2024-07-08,95.00629530342604,94.73600531675444,short,-0.9460149533505984,2
2024-04-02,2024-05-15,149.77202364542893,149.4152145895788,short,-2.4976633909509474,31
2024-05-28,2024-06-06,144.35806138341155,147.4441845736826,short,10.801431165948685,7
2024-06-07,2024-06-12,150.574523071533,146.86265337644915,short,12.991543932793519,3
2024-06-20,2024-07-01,150.31653553223805,147.19488255898415,short,10.925785406388655,7
2024-04-12,2024-04-23,742.9954017705826,756.534262158228,short,47.3860113567589,7
2024-05-03,2024-05-29,779.7539909081626,766.064171894538,short,95.8287330953716,17
2024-07-02,2024-07-08,742.953830153113,745.774029618783,short,9.870698129844754,3
2024-04-03,2024-04-12,120.3398294650973,110.18082627608061,short,35.556511161558404,7
2024-05-15,2024-07-08,118.12799379312389,61.02760394279795,short,199.8513644761408,35
2024-04-15,2024-05-07,177.78124902211957,180.3447266721479,short,8.972171775099213,16
2024-05-09,2024-05-29,183.95201310554683,182.44524773712305,short,5.273678789483199,13
2024-05-31,2024-07-08,187.10446240919057,196.6174463949641,short,-33.29544395020736,24
2024-04-03,2024-05-09,118.57774595960109,117.77049787715096,short,-2.8253682885754543,26
2024-05-16,2024-05-23,125.2625825627736,117.80821396073142,short,26.09029010714763,5
2024-06-04,2024-07-08,124.66216995845083,130.1622555720823,short,-38.50059929542029,22
2024-04-03,2024-05-10,140.42922155754565,140.5369393893839,short,0.3770124114338529,27
2024-05-16,2024-05-22,145.9885619089921,141.12767639939335,short,17.013099283595608,4
2024-06-04,2024-07-08,144.6065184818511,153.13453830993816,short,-29.848069398304688,22
2024-04-02,2024-07-08,36.920143178137906,23.34640262799242,short,-47.508091925509206,66
2024-04-08,2024-05-24,-15.4117709384182,-17.332267806622184,short,-6.721739038713942,34
2024-05-30,2024-06-03,-19.80697162425615,-16.75135222169375,short,10.694667908968398,2
2024-06-06,2024-07-08,-20.039696539441692,-24.708997134380468,short,-16.342552082285714,20
2024-04-02,2024-05-23,66.63203585586635,68.8252460514382,short,-30.70494273800591,37
2024-06-18,2024-07-01,66.20578696377808,70.64102588410988,short,15.523336221161294,8
2024-04-03,2024-05-23,60.08258870859612,63.52376399923353,short,-12.044113517230937,36
2024-06-14,2024-06-26,59.99460462679172,64.78443076024087,short,16.764391467072013,7
2024-04-09,2024-05-17,40.74354305426857,40.015672865409186,short,2.5475456610078453,28
2024-06-04,2024-06-12,35.15516041350871,39.903586372632404,short,16.619490856932927,6
2024-07-08,2024-07-08,44.682373024763834,44.682373024763834,short,-0.0,0
2024-10-01,2024-11-14,123.56767371077831,129.37888065253668,short,40.6784485923086,32
2024-12-17,2025-01-06,135.82510647043267,103.81238840136893,short,112.04451324172308,12
2024-10-10,2024-11-15,637.1831508059042,625.9947217361103,short,39.15950174427894,26
2024-11-25,2025-01-06,641.5393543269056,552.4226194653676,short,311.9085720153831,27
2024-10-09,2024-11-18,598.6405500243611,594.8197694788374,short,13.372731909332913,28
2024-11-25,2025-01-06,611.6667859409805,523.0912300749011,short,310.01444553127794,27
2024-10-09,2025-01-06,641.1804811479187,565.5315269733808,short,264.7713396108828,60
2024-10-03,2025-01-06,591.8500937509532,516.4554855267077,short,263.88112878485936,64
2024-10-10,2024-11-14,704.0883335973652,687.7980959912729,short,57.015831621323116,25
2024-11-19,2024-11-20,667.2469310872881,691.1160428449714,short,83.54189115189155,1
2024-12-04,2025-01-06,704.366101790164,612.3427968693246,short,322.0815672229377,21
2024-10-02,2024-12-05,494.7840383556029,493.61905320475444,short,4.077448027969581,45
2024-12-06,2025-01-06,465.19973401510316,435.6395648933109,short,-103.460591926273,19
2024-10-01,2024-11-15,387.700037355895,371.38402963123514,short,114.21205407261908,33
2024-11-21,2024-12-30,409.2291932406749,397.4489658400555,short,164.92318360867114,25
2024-10-01,2024-11-15,379.6013237257273,362.0984230424269,short,122.52030478310297,33
2024-11-21,2024-12-30,400.5506018935855,389.2785670977248,short,157.80848714204967,25
2024-10-01,2024-11-08,338.81970973723617,317.87976523198023,short,146.57961153679156,28
2024-11-21,2024-12-18,364.836647803191,339.5367769213145,short,354.1981923462706,18
2024-10-01,2024-11-15,387.47109851651345,371.40213593813866,short,112.48273804862356,33
2024-11-21,2024-12-30,409.35613504984036,397.95575667295157,short,159.60529727644314,25
2024-10-22,2024-11-08,-20.677661248962977,-24.02909263869941,short,11.730009864077516,13
2024-11-14,2025-01-06,-4.704954917050031,71.37505876027797,short,-266.280047870648,34
2024-10-01,2024-11-11,302.99875062764215,289.2032542996963,short,96.56847429562089,29
2024-11-13,2024-11-14,276.8512419543441,286.2236028832913,short,32.80326325131506,1
2024-11-21,2025-01-02,326.7015718924654,313.11363809470765,short,190.2310731686082,27
2024-10-01,2024-11-05,439.2746280778078,421.2824083379528,short,125.94553817898492,25
2024-11-21,2024-12-18,458.3581203089582,446.5815642120015,short,164.87178535739315,18
2024-10-01,2024-10-10,9.233691313367643,19.324956651458336,short,35.319428683317426,7
2024-10-22,2025-01-06,34.49895387631659,69.5199259369966,short,-490.2936088495201,51
2024-10-02,2024-10-30,-21.324634723353796,-21.547699980603383,short,-0.7807284003735546,20
2024-10-31,2025-01-06,-16.59949256443511,-29.734313714390083,short,91.94374804968481,44
