entry_date,exit_date,entry_price,exit_price,direction,gross_pnl,transaction_cost,net_pnl,holding_period,pair1,pair2,window_idx,train_start,test_start,beta
2018-04-02,2018-04-20,0.7063704545282121,-2.222916578047233,short,0.19948815739505515,-5.163935599705204e-05,0.1995397967510522,14,AAPL,META,0,2016-01-04,2018-01-03,0.24957840520667884
2018-05-31,2018-06-06,-3.3988204838968628,-1.607729952236042,short,0.06098776697458111,-8.523810660263794e-05,0.06107300508118375,4,AAPL,META,0,2016-01-04,2018-01-03,0.24957840520667884
2018-06-13,2018-07-03,-2.6492010148202567,-4.332450776413907,short,-0.057315720453784996,-0.00011886483262982513,-0.057196855621155174,14,AAPL,META,0,2016-01-04,2018-01-03,0.24957840520667884
2018-04-02,2018-04-23,8.050872020577298,6.920204708726274,short,0.4676920015130497,0.003096336458542629,0.46459566505450706,15,AAPL,AVGO,0,2016-01-04,2018-01-03,1.7017994552693163
2018-05-01,2018-06-13,8.250832760368063,8.960663540659255,short,-0.2936161458727119,0.00355970278334293,-0.29717584865605484,30,AAPL,AVGO,0,2016-01-04,2018-01-03,1.7017994552693163
2018-04-02,2018-05-02,-6.222979772052753,-5.7829476476555755,short,0.012589119051254616,-0.00017174206293971183,0.012760861114194328,22,AAPL,ADBE,0,2016-01-04,2018-01-03,0.2143383273742914
2018-05-30,2018-06-07,-8.674090434963617,-7.287831966366845,short,0.03966022462765133,-0.00022833167200295222,0.03988855629965428,6,AAPL,ADBE,0,2016-01-04,2018-01-03,0.2143383273742914
2018-06-08,2018-07-02,-8.497211009564886,-7.862436372389375,short,0.018160613816700512,-0.0002340210374527933,0.018394634854153304,16,AAPL,ADBE,0,2016-01-04,2018-01-03,0.2143383273742914
2018-04-02,2018-04-19,24.459183611957283,26.552436581847935,short,2.2593782957582627,0.027530009309712833,2.2318482864485496,13,GOOGL,AVGO,0,2016-01-04,2018-01-03,1.4099311917235733
2018-06-01,2018-07-03,27.284673006445736,27.926968766683977,short,-0.6932698154564864,0.029796681741219716,-0.7230664971977061,22,GOOGL,AVGO,0,2016-01-04,2018-01-03,1.4099311917235733
2018-04-02,2018-06-04,11.96859236791034,11.52729641460921,short,-0.5865248049958652,0.0156141490572066,-0.6021389540530718,44,GOOGL,ADBE,0,2016-01-04,2018-01-03,0.18070973500228998
2018-06-15,2018-07-03,12.11161983292157,11.747696417097998,short,0.24184462706107834,0.007927832051367243,0.2339167950097111,12,GOOGL,ADBE,0,2016-01-04,2018-01-03,0.18070973500228998
2018-04-11,2018-04-18,-45.115459417360654,-52.76074875204114,short,0.7707173617353442,-0.0049334230291843695,0.7756507847645286,5,META,ORCL,0,2016-01-04,2018-01-03,5.174772616553563
2018-04-26,2018-07-03,-39.81213022914699,-15.596159148398499,short,-4.882397127483958,-0.005585678806636697,-4.876811448677321,47,META,ORCL,0,2016-01-04,2018-01-03,5.174772616553563
2018-04-02,2018-06-07,36.845711061407826,50.33012613043272,short,11.686022316429831,0.037774674454268756,11.648247641975562,47,META,AVGO,0,2016-01-04,2018-01-03,6.414414161688159
2018-06-18,2018-07-03,60.497879741588235,66.32153580522339,short,-2.523482641793734,0.027476433212905375,-2.5509590750066393,11,META,AVGO,0,2016-01-04,2018-01-03,6.414414161688159
2018-04-02,2018-05-21,19.40671771825354,20.5076381777212,short,1.0100666152415636,0.01831020488931997,0.9917564103522436,35,ORCL,AVGO,0,2016-01-04,2018-01-03,1.1304107203151887
2018-06-14,2018-07-03,16.655059120552963,17.963204637744685,short,4.800761411708795,0.06352275897714023,4.737238652731654,13,ORCL,AVGO,0,2016-01-04,2018-01-03,1.1304107203151887
2018-04-03,2018-04-25,17.949556541274987,17.62229257157159,short,0.8000432344285433,0.043480217581909134,0.7565630168466342,16,JPM,BAC,0,2016-01-04,2018-01-03,2.8450063199076663
2018-05-04,2018-05-15,18.35906107478992,17.51863297298523,short,1.027272903708058,0.02192702913173911,1.0053458745763189,7,JPM,BAC,0,2016-01-04,2018-01-03,2.8450063199076663
2018-05-23,2018-05-30,18.943859190012375,17.83934648224043,short,1.3500690589223279,0.022480442061305055,1.327588616861023,4,JPM,BAC,0,2016-01-04,2018-01-03,2.8450063199076663
2018-06-14,2018-07-03,17.266134862606094,17.7917879312414,short,0.6425167756771811,0.021426017329188533,0.6210907583479925,13,JPM,BAC,0,2016-01-04,2018-01-03,2.8450063199076663
2018-04-06,2018-06-25,4.295081130534129,-4.94313932831011,short,0.08047713842848234,-2.8227227053344855e-06,0.08047996115118768,55,JPM,SCHW,0,2016-01-04,2018-01-03,1.8692502876849524
2018-07-03,2018-07-03,-0.5392315934132341,-0.5392315934132341,short,-0.0,-4.6974215198104334e-06,4.6974215198104334e-06,0,JPM,SCHW,0,2016-01-04,2018-01-03,1.8692502876849524
2018-04-02,2018-05-04,-21.76500374625393,-23.087991902348115,short,3.7604439301053163,-0.0637447789902279,3.8241887090955444,24,BAC,WFC,0,2016-01-04,2018-01-03,1.1101145109982857
2018-05-23,2018-07-03,-25.562302145753982,-27.138693038964576,short,-4.48071249809818,-0.07489830371496388,-4.4058141943832165,28,BAC,WFC,0,2016-01-04,2018-01-03,1.1101145109982857
2018-04-16,2018-06-25,-6.249436315306795,-7.619874222338524,short,-0.8724115025815281,-0.004414554641196464,-0.8679969479403317,49,BAC,SCHW,0,2016-01-04,2018-01-03,0.6545748968028744
2018-07-03,2018-07-03,-6.3315882437901045,-6.3315882437901045,short,-0.0,-0.004030646251938926,0.004030646251938926,0,BAC,SCHW,0,2016-01-04,2018-01-03,0.6545748968028744
2018-04-02,2018-04-25,19.686044309189377,21.844933853404218,short,5.782982629041833,0.05562418094176795,5.727358448100065,17,WFC,GS,0,2016-01-04,2018-01-03,0.10531059086036158
2018-05-16,2018-07-03,23.598804155334182,25.795876239730397,short,-2.942630792034548,0.033078183580209315,-2.9757089756147574,33,WFC,GS,0,2016-01-04,2018-01-03,0.10531059086036158
2018-04-02,2018-04-12,-10.499827414792556,-8.936812561158604,short,0.7480263240248866,-0.004650985343742253,0.7526773093686288,8,C,AXP,0,2016-01-04,2018-01-03,0.7688339174014005
2018-04-16,2018-06-20,-10.712847184676434,-14.521059631000881,short,-1.822531085169732,-0.0060382108692801275,-1.816492874300452,46,C,AXP,0,2016-01-04,2018-01-03,0.7688339174014005
2018-06-25,2018-06-28,-17.271341411600318,-15.29483577933975,short,0.9459143904339424,-0.007792746740392478,0.9537071371743349,3,C,AXP,0,2016-01-04,2018-01-03,0.7688339174014005
2018-04-02,2018-04-24,-57.47077213324073,-65.58179110439903,short,8.165148979149608,-0.061936885776884915,8.227085864926492,16,GS,USB,0,2016-01-04,2018-01-03,7.188315236850466
2018-04-27,2018-07-03,-72.33479894516773,-82.9003108500271,short,-10.636022311243062,-0.07813554639555992,-10.557886764847503,46,GS,USB,0,2016-01-04,2018-01-03,7.188315236850466
2018-04-19,2018-04-26,-3.4981017740916442,-0.6293693402569005,short,0.07486125644916505,-5.3854390519915426e-05,0.07491511083968497,5,SCHW,AXP,0,2016-01-04,2018-01-03,0.5609695538496784
2018-05-07,2018-05-24,1.4026687851107127,0.8067956059485439,short,0.0038874150783739544,7.207158745599901e-06,0.0038802079196283545,13,SCHW,AXP,0,2016-01-04,2018-01-03,0.5609695538496784
2018-06-25,2018-07-03,-1.7132456626541028,-4.228333095659799,short,-0.03281634130350511,-3.8762246166024935e-05,-0.032777579057339086,6,SCHW,AXP,0,2016-01-04,2018-01-03,0.5609695538496784
2018-04-04,2018-04-13,28.372994061260336,27.18978651074528,short,2.3586952048886936,0.05538151951803512,2.3033136853706586,7,TJX,F,0,2016-01-04,2018-01-03,1.236162723725596
2018-04-26,2018-05-04,28.66931018392544,27.702829312971986,short,1.926655889697647,0.05618823809177359,1.8704676516058734,6,TJX,F,0,2016-01-04,2018-01-03,1.236162723725596
2018-05-14,2018-07-03,28.802628155498617,33.78925862018285,short,-9.940725412445634,0.062387694846297026,-10.00311310729193,35,TJX,F,0,2016-01-04,2018-01-03,1.236162723725596
2018-04-19,2018-04-30,12.602011593743072,14.410404472862794,short,0.608315952231789,0.004543283650187045,0.603772668581602,7,JNJ,ABT,0,2016-01-04,2018-01-03,1.733709394515202
2018-05-02,2018-07-03,12.398427039358609,7.974711141040018,short,-1.4880709718335616,0.003426607430071208,-1.491497579263633,43,JNJ,ABT,0,2016-01-04,2018-01-03,1.733709394515202
2018-04-10,2018-06-19,-2.5258760037669106,-5.474559999699935,short,-0.02602707730669065,-3.5308626939451886e-05,-0.025991768679751198,49,JNJ,TMO,0,2016-01-04,2018-01-03,0.5151658020180196
2018-04-26,2018-05-16,-113.4902937016476,-106.10149652706787,short,7.376350149198686,-0.10961093506457789,7.485961084263264,14,UNH,LLY,0,2016-01-04,2018-01-03,4.393662097742926
2018-05-24,2018-07-03,-111.27232141289562,-121.77583782482213,short,-10.485822390520793,-0.11632778539907582,-10.369494605121718,27,UNH,LLY,0,2016-01-04,2018-01-03,4.393662097742926
2018-04-20,2018-07-03,7.323725477035801,5.531257634892931,short,2.0142950324484707,0.007222926965766777,2.007072105482704,51,PFE,LLY,0,2016-01-04,2018-01-03,0.25543920126004505
2018-04-25,2018-05-03,30.102744010248678,28.545616853818537,short,1.818488333572576,0.03424619485121846,1.7842421387213576,6,LLY,TMO,0,2016-01-04,2018-01-03,0.20290034272849178
2018-05-09,2018-07-03,29.575688401406417,37.135315450315204,short,-8.828497748454147,0.03895416688492953,-8.867451915339077,38,LLY,TMO,0,2016-01-04,2018-01-03,0.20290034272849178
2018-04-10,2018-07-03,19.284967942724293,22.168989482006907,short,-2.386364300604183,0.0171503996710356,-2.4035147002752186,59,LLY,AMGN,0,2016-01-04,2018-01-03,0.37319126938318103
2018-04-25,2018-05-02,-1.4294585488444795,4.2597799980324,short,0.13445106386543135,3.344381913229526e-05,0.13441762004629906,5,CAT,BA,0,2016-01-04,2018-01-03,0.38165895549065026
2018-05-25,2018-07-03,0.7123359108614125,-8.100452182609757,short,-0.05206710551090588,-2.1824978960571217e-05,-0.052045280531945314,26,CAT,BA,0,2016-01-04,2018-01-03,0.38165895549065026
2018-04-02,2018-04-24,-1.5403527281602294,1.1647871983609264,short,0.051255073654320776,-3.5579747101368183e-06,0.05125863162903092,16,HON,LMT,0,2016-01-04,2018-01-03,0.4338415139673192
2018-04-27,2018-07-03,6.096849763914662,12.461881654609968,short,-0.241200224188948,0.00035163768663550417,-0.2415518618755835,46,HON,LMT,0,2016-01-04,2018-01-03,0.4338415139673192
2018-04-26,2018-06-27,37.38488914910458,39.36302157259243,short,-3.505469382468351,0.06800289202301119,-3.5734722744913623,43,UPS,LMT,0,2016-01-04,2018-01-03,0.18300100712670764
2018-04-02,2018-05-02,48.616867940797505,45.36315270652992,short,1.6569586262182276,0.023929722592765428,1.6330289036254622,22,LMT,MMM,0,2016-01-04,2018-01-03,1.656772312295764
2018-06-13,2018-07-03,41.591072165036735,38.93090079580867,short,-0.677347828574401,0.010251479316045376,-0.6875993078904464,14,LMT,MMM,0,2016-01-04,2018-01-03,1.656772312295764
2018-04-02,2018-04-18,40.24951373178244,42.81154582073064,short,5.5489050370639985,0.08994772815746163,5.458957308906537,12,XOM,COP,0,2016-01-04,2018-01-03,0.261256005004552
2018-05-03,2018-07-03,40.988508942455,44.85361556598063,short,8.371132315081802,0.09295937375879681,8.278172941323005,42,XOM,COP,0,2016-01-04,2018-01-03,0.261256005004552
2018-04-02,2018-06-25,-4.869476091615695,-8.961072039259193,short,-0.11833158741887809,-0.0001999941753953242,-0.11813159324348277,59,CVX,COP,0,2016-01-04,2018-01-03,1.8956329720977436
2018-06-29,2018-07-03,-11.372940498398108,-12.536482127571162,short,-0.016825186280587188,-0.00017286897153354357,-0.016652317309053644,2,CVX,COP,0,2016-01-04,2018-01-03,1.8956329720977436
2018-04-02,2018-04-27,29.186208753467746,32.608088562970444,short,3.2506360176996436,0.029350938625522172,3.2212850790741214,19,CVX,MPC,0,2016-01-04,2018-01-03,0.9299043989593665
2018-04-30,2018-05-25,36.30526117841213,33.07549259073871,short,6.13627753421995,0.06590867876505824,6.070368855454891,19,CVX,MPC,0,2016-01-04,2018-01-03,0.9299043989593665
2018-06-04,2018-06-06,29.47538076529495,32.64944234301395,short,3.015219546366655,0.02950793114186508,2.98571161522479,2,CVX,MPC,0,2016-01-04,2018-01-03,0.9299043989593665
2018-06-11,2018-07-03,36.46531746225101,39.52630043250623,short,-2.9077998195742953,0.03609435513865494,-2.94389417471295,16,CVX,MPC,0,2016-01-04,2018-01-03,0.9299043989593665
2018-04-02,2018-05-25,15.222741629278769,16.789113294999296,short,-5.855679405353528,0.05983610521996796,-5.915515510573496,39,COP,EOG,0,2016-01-04,2018-01-03,0.38998586599630636
2018-06-06,2018-06-15,19.18238955360922,17.769195388190376,short,1.3207612457676687,0.017267344627889977,1.3034939011397788,7,COP,EOG,0,2016-01-04,2018-01-03,0.38998586599630636
2018-09-28,2018-11-02,11.748829424194284,11.003733305837848,short,0.07853541287258609,0.0011990948978865077,0.07733631797469957,25,AAPL,META,1,2016-07-05,2018-07-05,0.2557878349308966
2018-11-14,2019-01-03,7.80887476255576,0.357214231191314,short,-1.5708556842517498,0.0008607307901333237,-1.5717164150418832,32,AAPL,META,1,2016-07-05,2018-07-05,0.2557878349308966
2018-09-28,2018-10-16,28.122024587922525,27.680385191433075,short,0.4328929490625852,0.02734863547749772,0.40554431358508747,12,MSFT,ADBE,1,2016-07-05,2018-07-05,0.2919151764325122
2018-10-19,2018-10-23,30.058274980259085,27.57012751975195,short,4.877741888261309,0.05648710080281842,4.821254787458491,2,MSFT,ADBE,1,2016-07-05,2018-07-05,0.2919151764325122
2018-10-24,2018-10-25,26.054725941990455,27.418501306025888,short,1.3367664748412063,0.02620710835954665,1.3105593664816597,1,MSFT,ADBE,1,2016-07-05,2018-07-05,0.2919151764325122
2018-11-02,2018-12-06,29.294440217805544,29.360025871660994,short,-0.06428676277380524,0.028746421857959333,-0.09303318463176458,22,MSFT,ADBE,1,2016-07-05,2018-07-05,0.2919151764325122
2018-12-14,2019-01-03,32.4152192593894,28.486549311900603,short,7.701729207043721,0.0596956394957455,7.642033567547975,12,MSFT,ADBE,1,2016-07-05,2018-07-05,0.2919151764325122
2018-10-02,2018-10-09,21.839569479191773,19.077393304335246,short,1.0106479506251647,0.007485519019279362,1.0031624316058854,5,GOOGL,META,1,2016-07-05,2018-07-05,0.24095853535252099
2018-10-18,2018-10-26,17.442618024795074,19.0274392699558,short,0.5798675544698388,0.006671983669911423,0.5731955707999274,6,GOOGL,META,1,2016-07-05,2018-07-05,0.24095853535252099
2018-10-29,2018-11-07,17.377072746545814,18.768423584774567,short,1.0181579915549976,0.013225214279996388,1.0049327772750012,7,GOOGL,META,1,2016-07-05,2018-07-05,0.24095853535252099
2018-11-14,2018-11-15,17.8532227632625,18.760482987239577,short,0.3319559028829094,0.006698263314696022,0.32525763956821335,1,GOOGL,META,1,2016-07-05,2018-07-05,0.24095853535252099
2018-11-28,2018-12-07,21.49038021201627,19.085174886838274,short,3.520145970197045,0.029692241921003316,3.4904537282760413,6,GOOGL,META,1,2016-07-05,2018-07-05,0.24095853535252099
2018-12-14,2018-12-20,17.748916833165936,18.90541055081734,short,0.423147522701364,0.006705694804946812,0.4164418278964172,4,GOOGL,META,1,2016-07-05,2018-07-05,0.24095853535252099
2018-12-31,2019-01-03,20.52160940398523,19.397144235089588,short,0.41142865137948337,0.007302902494794221,0.40412574888468916,2,GOOGL,META,1,2016-07-05,2018-07-05,0.24095853535252099
2018-10-01,2018-12-18,26.148566090112126,24.012717184932875,short,-3.0241126895001305,0.03551126039530014,-3.0596239498954305,54,GOOGL,ADBE,1,2016-07-05,2018-07-05,0.12311771831431455
2019-01-02,2019-01-03,24.771073610329296,24.411331563892265,short,0.5093527378921348,0.03481827184189741,0.47453446605023736,1,GOOGL,ADBE,1,2016-07-05,2018-07-05,0.12311771831431455
2018-10-02,2018-10-25,20.488119307483363,21.192862023245233,short,0.6592184621535407,0.01949425783293775,0.639724204320603,17,ORCL,AVGO,1,2016-07-05,2018-07-05,1.2088555261599088
2018-11-16,2018-11-20,22.562051047454585,20.98280703561981,short,1.4772296124003919,0.020365995801166933,1.456863616599225,2,ORCL,AVGO,1,2016-07-05,2018-07-05,1.2088555261599088
2018-11-26,2018-12-03,20.163642277878782,20.908644796755876,short,0.6968776034297016,0.019209570611310955,0.6776680328183906,5,ORCL,AVGO,1,2016-07-05,2018-07-05,1.2088555261599088
2018-12-06,2019-01-03,19.539919816749432,17.212446085949033,short,-4.354251897055267,0.034378273927513116,-4.38863017098278,18,ORCL,AVGO,1,2016-07-05,2018-07-05,1.2088555261599088
2018-09-28,2018-12-17,18.64862067659905,20.048088916266586,short,-3.895304946850344,0.05385455704937264,-3.9491595038997165,54,JPM,BAC,1,2016-07-05,2018-07-05,2.956853415524175
2018-12-24,2019-01-03,18.763209992844686,18.90328607294112,short,0.1949451342549485,0.02621039983201596,0.16873473442293255,6,JPM,BAC,1,2016-07-05,2018-07-05,2.956853415524175
2018-10-04,2018-11-12,0.2526026439112279,-0.486861062606188,short,0.011393278792580383,-1.8046669837729523e-06,0.011395083459564156,27,BAC,MS,1,2016-07-05,2018-07-05,0.668199733642259
2018-12-11,2018-12-14,-1.1483340098702826,-0.7000941285567208,short,0.0069062509609973295,-1.42398179407154e-05,0.006920490778938045,3,BAC,MS,1,2016-07-05,2018-07-05,0.668199733642259
2018-09-28,2018-12-11,18.932533941661355,20.389607356490444,short,9.166727834302057,0.12369155990139549,9.043036274400661,50,WFC,GS,1,2016-07-05,2018-07-05,0.1277673438797061
2018-09-28,2018-11-21,4.137800748991246,3.40629563934948,short,-0.1430178170852061,0.0007374796041200988,-0.1437552966893262,38,BK,AXP,1,2016-07-05,2018-07-05,0.38976954090093596
2018-12-06,2018-12-14,1.0318720395651937,2.624792548741965,short,0.6228692349785043,0.000714920757680794,0.6221543142208236,6,BK,AXP,1,2016-07-05,2018-07-05,0.38976954090093596
2018-12-17,2018-12-18,4.4887066832664,2.6862102615504284,short,0.35240916316217985,0.0007013901514084315,0.35170777301077144,1,BK,AXP,1,2016-07-05,2018-07-05,0.38976954090093596
2018-12-21,2019-01-03,4.405631501479263,5.109380114044519,short,-0.13759109679372605,0.0009301481102838864,-0.13852124490400994,7,BK,AXP,1,2016-07-05,2018-07-05,0.38976954090093596
2018-09-28,2018-11-14,24.540474232258422,24.32774152988496,short,0.4971835909021971,0.05710564178081157,0.44007794912138554,33,PFE,ABBV,1,2016-07-05,2018-07-05,0.09540051394563424
2018-11-27,2019-01-03,25.19937073784687,23.850769593457745,short,3.151853721507761,0.05731823229830081,3.09453548920946,24,PFE,ABBV,1,2016-07-05,2018-07-05,0.09540051394563424
2018-10-03,2018-10-24,19.9805295397976,19.117107001205586,short,1.6684759978357726,0.0377760975797244,1.6306999002560483,15,PFE,ABT,1,2016-07-05,2018-07-05,0.1838029559941714
2018-11-12,2018-11-21,19.919698793639178,19.531272398196613,short,0.750594394696496,0.03811748916829656,0.7124769055281994,7,PFE,ABT,1,2016-07-05,2018-07-05,0.1838029559941714
2018-11-27,2018-12-11,20.030029176812775,19.63932220108905,short,0.7550013834999807,0.03832848788709783,0.7166728956128828,9,PFE,ABT,1,2016-07-05,2018-07-05,0.1838029559941714
2018-12-18,2019-01-02,18.77904639252726,19.47976975769137,short,2.708152876818679,0.0739312603031483,2.6342216165155308,9,PFE,ABT,1,2016-07-05,2018-07-05,0.1838029559941714
2018-09-28,2018-10-26,18.423758031180647,18.119487327649836,short,0.5446349777089728,0.03270562921514521,0.5119293484938277,20,PFE,TMO,1,2016-07-05,2018-07-05,0.05315605686650094
2018-11-12,2018-11-14,19.09725604401087,18.30761645727161,short,1.4134299941838124,0.03347677194114095,1.3799532222426716,2,PFE,TMO,1,2016-07-05,2018-07-05,0.05315605686650094
2018-11-19,2018-11-23,19.327940470564723,18.475232911930497,short,1.5263196778391004,0.03383324495849604,1.4924864328806045,3,PFE,TMO,1,2016-07-05,2018-07-05,0.05315605686650094
2018-11-29,2018-12-12,19.456307963437553,18.875313182322536,short,2.0799247248564905,0.06861239477219602,2.0113123300842943,8,PFE,TMO,1,2016-07-05,2018-07-05,0.05315605686650094
2018-12-18,2019-01-03,18.185299203484284,18.87659948888197,short,1.2374057415279496,0.03316981578235497,1.2042359257455946,10,PFE,TMO,1,2016-07-05,2018-07-05,0.05315605686650094
2018-09-28,2018-12-18,11.38223588703308,12.235475075245851,short,-1.0935729598843267,0.015135081955630498,-1.108708041839957,55,PFE,AMGN,1,2016-07-05,2018-07-05,0.1173853420136701
2018-12-24,2018-12-31,11.75321552431538,12.398694613053298,short,0.8272926130984721,0.015477416075500402,0.8118151970229718,4,PFE,AMGN,1,2016-07-05,2018-07-05,0.1173853420136701
2019-01-03,2019-01-03,11.798076191313545,11.798076191313545,short,0.0,0.030242532878736406,-0.030242532878736406,0,PFE,AMGN,1,2016-07-05,2018-07-05,0.1173853420136701
2018-09-28,2018-10-12,-57.38981356372163,-52.94738732997979,short,4.7239553170831865,-0.058664790298031344,4.782620107381218,10,ABBV,TMO,1,2016-07-05,2018-07-05,0.5291515703471206
2018-10-25,2018-11-12,-58.97307135229454,-56.25486384367328,short,5.780935974021196,-0.12253025452873309,5.903466228549929,12,ABBV,TMO,1,2016-07-05,2018-07-05,0.5291515703471206
2018-11-26,2018-12-07,-60.82182344382444,-58.03454466942458,short,2.9639164937644553,-0.06319431573823264,3.027110809502688,8,ABBV,TMO,1,2016-07-05,2018-07-05,0.5291515703471206
2018-12-20,2019-01-03,-50.8709815652516,-46.28876106214098,short,-19.4904349747498,-0.20663405924672346,-19.283800915503075,8,ABBV,TMO,1,2016-07-05,2018-07-05,0.5291515703471206
2018-09-28,2018-11-21,-5.533661572601147,-6.366324207063599,short,0.16215209999729474,-0.0011586971747304929,0.16331079717202523,38,ABT,TMO,1,2016-07-05,2018-07-05,0.2937043515927016
2018-12-11,2019-01-03,-4.718005747246622,-2.443237209196603,short,-0.22149336369027384,-0.0003486437771786638,-0.22114471991309517,15,ABT,TMO,1,2016-07-05,2018-07-05,0.2937043515927016
2018-10-04,2018-11-06,52.991673366549364,49.6548918109071,short,8.527777033061199,0.13116636591969633,8.396610667141502,23,LLY,AMGN,1,2016-07-05,2018-07-05,0.3000566025877416
2018-11-08,2018-12-17,52.184441939385486,52.22513895123796,short,-0.05200445956716724,0.06670961307348933,-0.11871407264065656,25,LLY,AMGN,1,2016-07-05,2018-07-05,0.3000566025877416
2018-12-28,2019-01-03,57.39798784206594,55.18921736105574,short,2.8224655802553404,0.07193447988258603,2.7505311003727546,3,LLY,AMGN,1,2016-07-05,2018-07-05,0.3000566025877416
2018-09-28,2018-12-31,33.92625269574709,27.515764705964003,short,7.775749793290408,0.03726375861495583,7.738486034675452,63,BMY,TMO,1,2016-07-05,2018-07-05,0.059793578597615915
2019-01-03,2019-01-03,23.109067633634425,23.109067633634425,short,0.0,0.05606135700176149,-0.05606135700176149,0,BMY,TMO,1,2016-07-05,2018-07-05,0.059793578597615915
2018-10-02,2019-01-02,21.51214184771916,15.60900982395297,short,4.158625205031499,0.013075512826081364,4.145549692205417,62,BMY,AMGN,1,2016-07-05,2018-07-05,0.16171324763253164
2019-01-03,2019-01-03,10.553563305789336,10.553563305789336,short,0.0,0.02973900240730202,-0.02973900240730202,0,BMY,AMGN,1,2016-07-05,2018-07-05,0.16171324763253164
2018-09-28,2018-11-12,-90.50833997277007,-87.28642645645698,short,6.295564876974129,-0.17370399316653934,6.4692688701406675,31,CAT,LMT,1,2016-07-05,2018-07-05,0.7667869968309173
2018-11-16,2018-12-10,-80.51763567079145,-85.77602952884276,short,10.274813248223545,-0.16246751388474837,10.437280762108292,14,CAT,LMT,1,2016-07-05,2018-07-05,0.7667869968309173
2018-12-13,2019-01-03,-79.62945242438781,-61.40511004700022,short,-17.80502940195667,-0.06889479135913605,-17.736134610597535,13,CAT,LMT,1,2016-07-05,2018-07-05,0.7667869968309173
2018-09-28,2018-10-15,-79.46019382462453,-71.98817157558892,short,9.341686513854565,-0.09467203826829443,9.43635855212286,11,DE,LMT,1,2016-07-05,2018-07-05,0.746748660757901
2018-10-25,2019-01-03,-67.08292362853159,-30.87218370858173,short,-22.635731632795284,-0.03061640726820618,-22.60511522552708,46,DE,LMT,1,2016-07-05,2018-07-05,0.746748660757901
2018-10-09,2018-12-17,14.348192945960164,19.301463464002026,short,3.9518570105121573,0.013423315978874079,3.938433694533283,47,HON,LMT,1,2016-07-05,2018-07-05,0.4183622440510545
2018-12-21,2019-01-03,22.959107778246363,22.97191444277125,short,-0.005108756608347207,0.009161261811916654,-0.01427001842026386,7,HON,LMT,1,2016-07-05,2018-07-05,0.4183622440510545
2018-09-28,2018-10-10,75.17472116772984,68.73517349335816,short,8.707871882892668,0.09730100534674634,8.610570877545921,8,UNP,BA,1,2016-07-05,2018-07-05,0.18129043194060107
2018-10-17,2018-11-15,65.14049002135825,70.38779132412871,short,7.09565792288654,0.09163399124770696,7.004023931638833,21,UNP,BA,1,2016-07-05,2018-07-05,0.18129043194060107
2018-12-18,2019-01-03,63.36111281630793,60.230182987372196,short,-4.233796720413224,0.08356310288549461,-4.317359823298719,10,UNP,BA,1,2016-07-05,2018-07-05,0.18129043194060107
2018-10-11,2018-11-27,75.72393503021075,76.1154348801644,short,1.3701920525679705,0.26570776201160384,1.1044842905563668,32,UPS,BA,1,2016-07-05,2018-07-05,0.038197262269618434
2018-12-04,2019-01-03,71.4699670905457,62.929198523726285,short,-14.945718643907345,0.11759434174639244,-15.063312985653736,19,UPS,BA,1,2016-07-05,2018-07-05,0.038197262269618434
2018-10-11,2018-11-19,63.10686412866576,64.40743713030541,short,1.96358572637024,0.09625959540315182,1.8673261309670883,27,UPS,LMT,1,2016-07-05,2018-07-05,0.09491383056975722
2018-12-03,2019-01-03,67.19882998412689,53.872641642848436,short,20.119680464584974,0.09139595134515857,20.028284513239814,20,UPS,LMT,1,2016-07-05,2018-07-05,0.09491383056975722
2018-10-11,2018-10-17,63.33628512316713,65.85220427220828,short,3.975285763794752,0.10206233434315834,3.8732234294515937,4,UPS,MMM,1,2016-07-05,2018-07-05,0.20035034049848918
2018-10-18,2018-11-28,63.619456672175716,62.737019238177375,short,-1.3942979726316298,0.09982496854899628,-1.494122941180626,28,UPS,MMM,1,2016-07-05,2018-07-05,0.20035034049848918
2018-12-04,2019-01-03,57.671916911221366,50.37593700441353,short,-23.05607083400862,0.17072134279159729,-23.226792176800217,19,UPS,MMM,1,2016-07-05,2018-07-05,0.20035034049848918
2018-10-23,2019-01-03,-11.35013046632011,-4.2863337701392155,short,-2.5939742214428967,-0.002871018723246857,-2.59110320271965,48,COP,EOG,1,2016-07-05,2018-07-05,0.7823740331041882
2019-04-08,2019-04-25,19.328398570453206,20.013095082472702,short,0.8415929246759635,0.02417824694829468,0.8174146777276687,12,ORCL,AVGO,2,2017-01-03,2019-01-04,1.1494984748294876
2019-05-01,2019-05-09,19.2119848729216,20.069484359806722,short,1.0539932486982477,0.024141357518847266,1.0298518911794006,6,ORCL,AVGO,2,2017-01-03,2019-01-04,1.1494984748294876
2019-05-17,2019-07-05,21.663605185425897,26.451426459756558,short,-5.884937981070082,0.029570232571881894,-5.914508213641964,33,ORCL,AVGO,2,2017-01-03,2019-01-04,1.1494984748294876
2019-04-02,2019-05-13,41.15383121833856,40.82474196940651,short,0.8336526914336644,0.10383453485587199,0.7298181565777924,28,ORCL,ADBE,2,2017-01-03,2019-01-04,0.029213552260351237
2019-05-24,2019-06-10,40.017315533902256,40.98354404551558,short,2.4476612404093143,0.10259615714575479,2.3450650832635596,10,ORCL,ADBE,2,2017-01-03,2019-01-04,0.029213552260351237
2019-06-19,2019-07-05,39.45509733675978,45.09098135420852,short,28.553773148172564,0.2141731043466607,28.339600043825904,11,ORCL,ADBE,2,2017-01-03,2019-01-04,0.029213552260351237
2019-04-02,2019-05-13,21.833426030112722,21.070471385557948,short,2.3112071849160634,0.06498406994157882,2.2462231149744847,28,AVGO,ADBE,2,2017-01-03,2019-01-04,0.013232337041958444
2019-05-20,2019-06-28,19.223772519088232,20.482306113196422,short,1.9062285719870598,0.030070258722040624,1.876158313265019,28,AVGO,ADBE,2,2017-01-03,2019-01-04,0.013232337041958444
2019-04-02,2019-06-28,20.607432504388097,19.43510731372117,short,-8.755529900137496,0.14952918245126656,-8.905059082588762,61,WFC,GS,2,2017-01-03,2019-01-04,0.11697686371672249
2019-04-03,2019-06-17,63.10366962577427,59.86799161162095,short,3.4469074894332064,0.06549970952813347,3.381407779905073,51,HD,TGT,2,2017-01-03,2019-01-04,1.586380682408194
2019-04-02,2019-05-08,-49.4922077693526,-43.74633580293221,short,0.03999342292063669,-0.00032448760844158464,0.04031791052907828,25,UNH,ABT,2,2017-01-03,2019-01-04,3.8140502745913647
2019-05-20,2019-06-04,-36.00482748292191,-46.52622784173235,short,0.07323289079993012,-0.00028722354230785755,0.07352011434223797,10,UNH,ABT,2,2017-01-03,2019-01-04,3.8140502745913647
2019-06-06,2019-07-05,-54.55758964828817,-67.10207763296376,short,-0.08731433909874028,-0.00042339844625830154,-0.08689094065248198,20,UNH,ABT,2,2017-01-03,2019-01-04,3.8140502745913647
2019-04-02,2019-04-24,-9.881685335745374,-8.259770440878441,short,2.2853116982270008,-0.012780843569658328,2.298092541796659,15,ABT,TMO,2,2017-01-03,2019-01-04,0.29932671758627705
2019-04-30,2019-05-13,-10.422391735566606,-9.238914029890324,short,0.41688615320268596,-0.0034628984087280885,0.42034905161141406,9,ABT,TMO,2,2017-01-03,2019-01-04,0.29932671758627705
2019-05-22,2019-06-04,-11.674869443405257,-9.511848632641147,short,0.761935286800795,-0.003731565603369612,0.7656668524041647,8,ABT,TMO,2,2017-01-03,2019-01-04,0.29932671758627705
2019-06-26,2019-07-05,-11.786464892546348,-12.063604929519997,short,-0.09762401383503297,-0.004200655328802774,-0.0934233585062302,6,ABT,TMO,2,2017-01-03,2019-01-04,0.29932671758627705
2019-04-18,2019-07-01,-25.151887720776756,-21.076792832998905,short,-3.4456790995929882,-0.019544231824349736,-3.4261348677686385,50,ABT,AMGN,2,2017-01-03,2019-01-04,0.6240295864502671
2019-04-23,2019-07-05,-83.15429324495037,-113.2932740562911,short,-120.8422968994063,-0.3938284343717774,-120.44846846503452,51,CAT,LMT,2,2017-01-03,2019-01-04,0.7352451901032071
2019-04-02,2019-04-24,55.43179022996808,52.909520450041356,short,6.3804139256674635,0.1370318141400163,6.243382111527447,15,UPS,LMT,2,2017-01-03,2019-01-04,0.13629566137151763
2019-04-25,2019-07-05,45.656941189440744,39.2661336918796,short,-32.332780163495244,0.21482411354070882,-32.54760427703595,49,UPS,LMT,2,2017-01-03,2019-01-04,0.13629566137151763
2019-10-15,2019-12-02,40.26614317229513,40.78766099951733,short,-0.8630448510531121,0.067066804524542,-0.9301116555776541,33,GOOGL,ADBE,3,2017-07-05,2019-07-08,0.0768659091756369
2019-12-04,2019-12-24,42.301133701841465,41.48266794886587,short,1.3544554318139186,0.06932570167490189,1.2851297301390168,14,GOOGL,ADBE,3,2017-07-05,2019-07-08,0.0768659091756369
2019-10-10,2019-10-17,29.919993826264406,28.377239620986344,short,2.6780198077144868,0.05059819165378784,2.627421616060699,5,ORCL,AVGO,3,2017-07-05,2019-07-08,0.8965085767225256
2019-12-03,2020-01-03,26.636055277042864,25.04228860813922,short,-2.766570782044842,0.04485342774659766,-2.8114242097914395,21,ORCL,AVGO,3,2017-07-05,2019-07-08,0.8965085767225256
2019-10-15,2020-01-03,-10.730482723885245,-28.29024069300172,short,-4.577497928816101,-0.005085983557855757,-4.572411945258245,55,GS,MS,3,2017-07-05,2019-07-08,5.385046575014429
2019-10-02,2019-10-15,47.057101364177726,49.14943918928115,short,5.7366616926100225,0.131887013930047,5.604774678679975,9,BK,AXP,3,2017-07-05,2019-07-08,-0.10873826485431957
2019-10-23,2020-01-03,51.03200842929546,55.15456985959197,short,-11.303021887225379,0.14556838494975924,-11.448590272175139,49,BK,AXP,3,2017-07-05,2019-07-08,-0.10873826485431957
2019-10-01,2019-10-22,59.3272135736954,55.15242945364693,short,4.479868567267387,0.06142278733974722,4.418445779927639,15,MCD,SBUX,3,2017-07-05,2019-07-08,1.6171875235566429
2019-10-25,2020-01-03,51.18935870507501,48.679060449554,short,-2.693745574859604,0.053583296641014355,-2.7473288715006188,47,MCD,SBUX,3,2017-07-05,2019-07-08,1.6171875235566429
2019-10-01,2019-10-17,-7.531190488791054,-5.1070420223768735,short,0.002408823005222508,-6.27916681672642e-06,0.002415102172039234,12,ABT,TMO,3,2017-07-05,2019-07-08,0.2865661775228884
2019-10-23,2020-01-03,-10.442643441243064,-13.635264480140236,short,-0.0063448745916364424,-2.3925687441269035e-05,-0.0063209489041951734,49,ABT,TMO,3,2017-07-05,2019-07-08,0.2865661775228884
2019-10-21,2019-10-30,408.1740594128545,435.15990480928946,short,112.54590659889404,1.75858462417411,110.78732197471993,7,BA,GE,3,2017-07-05,2019-07-08,-1.897751504358749
2019-11-07,2019-12-02,459.2105516420454,455.89549459085754,short,6.912811063949162,0.954124635474802,5.95868642847436,16,BA,GE,3,2017-07-05,2019-07-08,-1.897751504358749
2019-12-16,2020-01-03,427.9742791058301,441.1705428706075,short,27.517860702655884,0.9062037015893813,26.611657001066504,12,BA,GE,3,2017-07-05,2019-07-08,-1.897751504358749
2020-04-01,2020-05-06,24.56764746380724,24.008779342501747,short,0.3581109587377697,0.015563377219500924,0.3425475815182688,24,ORCL,AVGO,4,2018-01-03,2020-01-06,1.036678340315526
2020-06-02,2020-07-06,22.240497345541424,23.131012235351953,short,0.5706232450964687,0.014536555383977585,0.5560866897124911,23,ORCL,AVGO,4,2018-01-03,2020-01-06,1.036678340315526
2020-06-03,2020-06-11,1.6416117386381899,0.40332327747049135,short,0.015106699102820918,1.2473756698033398e-05,0.015094225346122885,6,AVGO,ADBE,4,2018-01-03,2020-01-06,0.06549684250836638
2020-06-19,2020-07-06,-1.1728591790404863,-1.3615480016543557,short,-0.009207758472061688,-6.183781547424209e-05,-0.009145920656587446,10,AVGO,ADBE,4,2018-01-03,2020-01-06,0.06549684250836638
2020-04-03,2020-04-28,5.3469524366739165,3.2749938766110773,short,0.01645903642119035,3.4245117428314226e-05,0.016424791303762034,16,JPM,USB,4,2018-01-03,2020-01-06,2.7119722183929733
2020-05-05,2020-05-26,7.150359606885672,5.506970022448087,short,0.013054609076565096,5.027307335671275e-05,0.013004336003208383,14,JPM,USB,4,2018-01-03,2020-01-06,2.7119722183929733
2020-06-16,2020-07-06,3.3213919607751166,2.4978677373614318,short,-0.006541837007824737,2.3113253605103416e-05,-0.00656495026142984,13,JPM,USB,4,2018-01-03,2020-01-06,2.7119722183929733
2020-04-02,2020-05-13,5.518095858581352,5.205738909068682,short,0.16115598136032136,0.0027664025382224946,0.15838957882209886,28,BAC,C,4,2018-01-03,2020-01-06,0.3900931757745424
2020-06-12,2020-07-06,5.026326182364805,4.126616649976828,short,-0.9283838432756796,0.004722326449858932,-0.9331061697255385,15,BAC,C,4,2018-01-03,2020-01-06,0.3900931757745424
2020-04-01,2020-04-29,53.314501898473246,64.21656870399676,short,16.638757377586437,0.08968808405630455,16.54906929353013,19,SCHW,AXP,4,2018-01-03,2020-01-06,-0.3139334590566909
2020-05-27,2020-06-24,64.31693650089781,59.55905005124433,short,7.261496345425207,0.09452989611593554,7.166966449309271,20,SCHW,AXP,4,2018-01-03,2020-01-06,-0.3139334590566909
2020-04-01,2020-04-29,42.34117982607531,50.656277355070046,short,13.441537950889408,0.07516621697326634,13.366371733916141,19,BK,AXP,4,2018-01-03,2020-01-06,-0.20005423323964422
2020-05-27,2020-06-26,52.084300412513066,48.68993609139648,short,5.48706454522482,0.08145188434145562,5.405612660883365,22,BK,AXP,4,2018-01-03,2020-01-06,-0.20005423323964422
2020-04-01,2020-07-06,51.59320496055012,91.30859364999009,short,-60.0106944612311,0.10796364403526167,-60.118658105266356,65,AMZN,HD,4,2018-01-03,2020-01-06,0.2781680664734364
2020-04-01,2020-04-06,61.98074262553304,72.24722352169134,short,7.805123538671409,0.05102361114389863,7.75409992752751,3,MCD,SBUX,4,2018-01-03,2020-01-06,1.3999248954599364
2020-05-13,2020-05-21,60.71063774855703,66.01259627391154,short,4.030830204222097,0.04817086335471832,3.9826593408673787,6,MCD,SBUX,4,2018-01-03,2020-01-06,1.3999248954599364
2020-06-03,2020-07-06,72.5085763955246,73.43328535417874,short,-0.703012817401968,0.05547637364456527,-0.7584891910465332,22,MCD,SBUX,4,2018-01-03,2020-01-06,1.3999248954599364
2020-04-01,2020-05-08,12.33790722552445,15.655887691738773,short,3.921990865346427,0.0165449147561069,3.90544595059032,26,GM,F,4,2018-01-03,2020-01-06,1.849545410093587
2020-05-22,2020-06-24,17.05302306073736,15.94295083526582,short,0.6560757624262835,0.009750653261152629,0.6463251091651309,22,GM,F,4,2018-01-03,2020-01-06,1.849545410093587
2020-04-01,2020-04-06,86.77724195359698,94.07653541909633,short,9.141349562996009,0.11324709758322811,9.02810246541278,3,JNJ,MRK,4,2018-01-03,2020-01-06,0.4049482411175399
2020-04-16,2020-06-11,101.73316126421591,96.84575285400585,short,6.120799080901225,0.12434623147944941,5.996452849421776,39,JNJ,MRK,4,2018-01-03,2020-01-06,0.4049482411175399
2020-06-26,2020-07-06,94.7033799313856,97.73717540627196,short,3.799406760346562,0.12050251128780037,3.678904249058762,5,JNJ,MRK,4,2018-01-03,2020-01-06,0.4049482411175399
2020-04-01,2020-04-06,84.57424266504742,91.8842888823452,short,9.702595430706168,0.11710635548715764,9.58548907521901,3,JNJ,ABT,4,2018-01-03,2020-01-06,0.38029636341668294
2020-04-23,2020-06-11,101.45147130592302,91.81220018921711,short,12.794166426879498,0.1282590533786948,12.665907373500803,34,JNJ,ABT,4,2018-01-03,2020-01-06,0.38029636341668294
2020-06-24,2020-07-06,91.06747765839538,91.84464459657804,short,1.0315306031121647,0.1213892681972614,0.9101413349149033,7,JNJ,ABT,4,2018-01-03,2020-01-06,0.38029636341668294
2020-04-01,2020-04-06,81.88197798967657,88.27086928175437,short,7.9104100115401135,0.10533743062876896,7.805072580911345,3,JNJ,TMO,4,2018-01-03,2020-01-06,0.10718161063534545
2020-04-17,2020-05-22,95.91760992775149,89.26980173319691,short,8.230988146912189,0.11464495858854624,8.116343188323643,25,JNJ,TMO,4,2018-01-03,2020-01-06,0.10718161063534545
2020-06-23,2020-07-06,86.18316305008324,83.59328147583273,short,-3.206663597337827,0.10510440897365136,-3.3117680063114783,8,JNJ,TMO,4,2018-01-03,2020-01-06,0.10718161063534545
2020-04-01,2020-04-08,63.0082607297259,71.05680227975573,short,4.481313371706658,0.03732275939737547,4.443990612309283,5,DE,LMT,4,2018-01-03,2020-01-06,0.20986307147484323
2020-04-13,2020-04-29,63.002461106947436,66.53771500671228,short,1.9683790504051712,0.03606306308931381,1.9323159873158575,12,DE,LMT,4,2018-01-03,2020-01-06,0.20986307147484323
2020-05-04,2020-05-22,54.74291274791621,64.0224101186625,short,5.166692051193801,0.03306342063023114,5.133628630563569,14,DE,LMT,4,2018-01-03,2020-01-06,0.20986307147484323
2020-05-28,2020-07-06,70.27165533477842,83.75173399348947,short,-7.505515921044787,0.042879015400609385,-7.548394936445397,26,DE,LMT,4,2018-01-03,2020-01-06,0.20986307147484323
2020-04-03,2020-04-08,40.0746191144875,46.25782358553515,short,4.997852992263496,0.03489103903146661,4.962961953232029,3,UPS,LMT,4,2018-01-03,2020-01-06,0.11210521429905398
2020-04-27,2020-05-18,47.68713668793875,42.47126748757444,short,4.215960771208156,0.036437291714691025,4.179523479493465,15,UPS,LMT,4,2018-01-03,2020-01-06,0.11210521429905398
2020-06-05,2020-07-06,48.61499182471823,60.58339145207974,short,-9.673997062574745,0.044132251259500266,-9.718129313834245,20,UPS,LMT,4,2018-01-03,2020-01-06,0.11210521429905398
2020-09-30,2020-10-13,19.735652195019348,21.891344622100895,short,1.4918431141902053,0.014403944594756708,1.4774391695954485,9,GOOGL,META,5,2018-07-05,2020-07-07,0.20389018178121865
2020-10-23,2020-10-27,23.41317901621771,22.02249962309616,short,0.9624172032201133,0.015721840338880418,0.9466953628812328,2,GOOGL,META,5,2018-07-05,2020-07-07,0.20389018178121865
2020-10-30,2021-01-04,26.970932231707117,31.256934646627577,short,-11.864481425595882,0.08059298364194836,-11.94507440923783,43,GOOGL,META,5,2018-07-05,2020-07-07,0.20389018178121865
2020-10-02,2020-10-26,92.55951435630689,90.16784774169406,short,2.946166067517689,0.11254602763840835,2.8336200398792806,16,MCD,SBUX,5,2018-07-05,2020-07-07,1.3736801755587145
2020-10-28,2021-01-04,84.65655806076934,61.43431240679064,short,-57.21248249174365,0.17996152252822367,-57.392444014271874,45,MCD,SBUX,5,2018-07-05,2020-07-07,1.3736801755587145
2020-09-30,2020-11-13,72.87735046075687,71.59105529534673,short,-2.4415280935200725,0.13710837168820317,-2.578636465208276,32,JNJ,ABT,5,2018-07-05,2020-07-07,0.5742298774964494
2020-12-03,2021-01-04,74.38104262781914,80.14473767750115,short,-10.940119938796666,0.14665336694640144,-11.086773305743067,20,JNJ,ABT,5,2018-07-05,2020-07-07,0.5742298774964494
2020-10-12,2020-11-12,92.53915656538663,88.85073889749988,short,8.87139766112753,0.21813986907881627,8.653257792048713,23,JNJ,BMY,5,2018-07-05,2020-07-07,0.7769027018201786
2020-12-04,2021-01-04,91.76872035519027,97.53359015724813,short,-13.865689052504306,0.22765535602808606,-14.093344408532392,19,JNJ,BMY,5,2018-07-05,2020-07-07,0.7769027018201786
2020-09-30,2020-11-10,72.73227892976436,68.69480106808192,short,-5.9002068483353876,0.10333790729389267,-6.00354475562928,29,JNJ,TMO,5,2018-07-05,2020-07-07,0.13135039974307855
2020-12-09,2021-01-04,74.76978317015775,76.37651654639922,short,-2.3480151705397883,0.11043954459190089,-2.458454715131689,16,JNJ,TMO,5,2018-07-05,2020-07-07,0.13135039974307855
2020-09-30,2020-10-30,127.95598641773776,124.25100598814367,short,7.3449850470943545,0.24999546194590713,7.094989585148447,22,UNH,ABBV,5,2018-07-05,2020-07-07,2.263713252199251
2020-11-04,2021-01-04,152.5972383377223,128.58989365088377,short,95.18732478950666,0.5574429660666066,94.62988182344006,40,UNH,ABBV,5,2018-07-05,2020-07-07,2.263713252199251
2020-10-16,2020-12-22,39.012344831517105,39.83682552537242,short,-7.755149001071306,0.3708316454744308,-8.125980646545736,46,PFE,TMO,5,2018-07-05,2020-07-07,-0.021823358840383937
2020-10-09,2020-10-16,37.46513615647594,38.30965428945875,short,1.8742156096045695,0.08408244271007112,1.7901331668944984,5,PFE,AMGN,5,2018-07-05,2020-07-07,-0.04629616924815427
2020-10-21,2020-10-23,37.37771678627678,38.14342329395982,short,1.6993111610364635,0.08380098310831324,1.6155101779281502,2,PFE,AMGN,5,2018-07-05,2020-07-07,-0.04629616924815427
2020-10-28,2020-11-04,35.63392997499624,37.622392732879646,short,17.651760427118283,0.32515143999667323,17.32660898712161,5,PFE,AMGN,5,2018-07-05,2020-07-07,-0.04629616924815427
2020-11-09,2020-12-22,39.54018048000887,38.67490304005077,short,7.681144649341318,0.3471611199680551,7.333983529373263,30,PFE,AMGN,5,2018-07-05,2020-07-07,-0.04629616924815427
2020-10-06,2020-11-10,9.272216774398942,9.305382009843498,short,0.002738362390688443,0.000766950650857183,0.00197141173983126,25,ABT,TMO,5,2018-07-05,2020-07-07,0.199525907536115
2020-12-02,2020-12-16,4.833608032511904,8.208097917194038,short,0.27862236055642964,0.0005384089183204332,0.27808395163810923,10,ABT,TMO,5,2018-07-05,2020-07-07,0.199525907536115
2020-10-12,2020-10-20,553.0143121103467,541.2166565454775,short,31.43815778174153,1.4579424553089528,29.980215326432578,6,LMT,MMM,5,2018-07-05,2020-07-07,-1.8014758060047722
2020-10-26,2020-11-10,531.9987172856836,538.131497630428,short,16.342511023373444,1.4258308508227109,14.916680172550732,11,LMT,MMM,5,2018-07-05,2020-07-07,-1.8014758060047722
2020-11-24,2020-11-30,556.3263120785784,541.2283063975815,short,40.23286509586039,1.4623708532600725,38.770494242600314,3,LMT,MMM,5,2018-07-05,2020-07-07,-1.8014758060047722
2021-01-04,2021-01-04,522.1297215425561,522.1297215425561,short,0.0,1.3913608918428817,-1.3913608918428817,0,LMT,MMM,5,2018-07-05,2020-07-07,-1.8014758060047722
2021-04-05,2021-04-14,-5.932897588567455,-5.415438045662892,short,0.3002404960783358,-0.003292266967731992,0.3035327630460678,7,NVDA,ADBE,6,2019-01-04,2021-01-05,0.04045309501718241
2021-05-07,2021-05-11,-4.993174798191717,-5.354783690437262,short,0.2098127953824672,-0.0030020474379356507,0.21281484282040283,2,NVDA,ADBE,6,2019-01-04,2021-01-05,0.04045309501718241
2021-05-21,2021-07-06,-4.787399412573539,-3.491830371764358,short,-3.0068614781582927,-0.009607553253896036,-2.997253924904397,30,NVDA,ADBE,6,2019-01-04,2021-01-05,0.04045309501718241
2021-04-15,2021-06-17,121.92482324498226,126.79537646315197,short,-6.773300937775259,0.17294306072276422,-6.946243998498023,44,GS,MS,6,2019-01-04,2021-01-05,2.6084352378310838
2021-06-24,2021-07-01,135.2349410260727,129.64074154322623,short,7.779649437339478,0.18417648147726118,7.595472955862216,5,GS,MS,6,2019-01-04,2021-01-05,2.6084352378310838
2021-04-28,2021-05-04,77.74594502063779,81.71539953360735,short,7.51787445573804,0.1510044220163097,7.366870033721731,4,JNJ,ABBV,6,2019-01-04,2021-01-05,0.6906128302671033
2021-05-21,2021-06-01,83.23732945849,81.6374968560845,short,3.0299731652759307,0.15613080350142433,2.8738423617745066,6,JNJ,ABBV,6,2019-01-04,2021-01-05,0.6906128302671033
2021-06-08,2021-06-30,79.65564228187091,80.68195978219644,short,1.9437749176780663,0.15183420781284887,1.7919407098652174,16,JNJ,ABBV,6,2019-01-04,2021-01-05,0.6906128302671033
2021-07-02,2021-07-06,82.9748674732984,81.74719843911369,short,2.3251209056665223,0.15598614464193714,2.1691347610245852,1,JNJ,ABBV,6,2019-01-04,2021-01-05,0.6906128302671033
2021-04-01,2021-04-12,102.52154056990602,99.6750352062154,short,6.228118682463323,0.2212018089241587,6.006916873539164,6,JNJ,TMO,6,2019-01-04,2021-01-05,0.09212656868195476
2021-04-13,2021-04-26,96.9551289410768,100.22404248437226,short,7.152342577692976,0.2157127994579373,6.936629778235039,9,JNJ,TMO,6,2019-01-04,2021-01-05,0.09212656868195476
2021-04-29,2021-06-11,102.9967251261781,104.5109202627033,short,-3.313040312160325,0.22701208637893336,-3.5400523985392587,30,JNJ,TMO,6,2019-01-04,2021-01-05,0.09212656868195476
2021-06-18,2021-07-02,100.25429145626984,103.6750128055381,short,7.484496187724145,0.2230974032186568,7.261398784505488,10,JNJ,TMO,6,2019-01-04,2021-01-05,0.09212656868195476
2021-04-05,2021-06-07,63.23886595974733,69.3853896457889,short,-3.1284561366491532,0.03375153074411005,-3.1622076673932633,44,UNH,ABBV,6,2019-01-04,2021-01-05,3.1872216350405007
2021-06-11,2021-06-29,60.654818392129584,70.65745063145988,short,2.5455686669557447,0.0167088217188965,2.5288598452368483,12,UNH,ABBV,6,2019-01-04,2021-01-05,3.1872216350405007
2021-04-20,2021-07-06,57.607088356514055,60.3584012908227,short,-7.031966962039795,0.15075155855896227,-7.182718520598757,53,MRK,TMO,6,2019-01-04,2021-01-05,0.017010565113619393
2021-04-20,2021-05-03,49.61460613402049,48.303445775108145,short,3.130263888868169,0.11688476542019795,3.013379123447971,9,MRK,AMGN,6,2019-01-04,2021-01-05,0.07113571464434154
2021-05-05,2021-05-27,49.495421137132155,48.776372371961905,short,1.7166568289288497,0.11730702672059325,1.5993498022082564,16,MRK,AMGN,6,2019-01-04,2021-01-05,0.07113571464434154
2021-06-03,2021-06-07,50.03572236419683,48.97188488553749,short,2.53980531094939,0.11818536748402583,2.4216199434653642,2,MRK,AMGN,6,2019-01-04,2021-01-05,0.07113571464434154
2021-06-10,2021-07-06,51.43352273239463,53.811044708415054,short,-22.70438130908978,0.5025217041076533,-23.206903013197433,17,MRK,AMGN,6,2019-01-04,2021-01-05,0.07113571464434154
2021-05-04,2021-07-06,39.105551121262565,32.501113377633004,short,-11.320136993497865,0.061367620018586394,-11.381504613516451,43,ABT,TMO,6,2019-01-04,2021-01-05,0.15121337965086967
2021-04-05,2021-04-14,1.5486317946391992,2.594709004926173,short,0.14617471152141878,0.00028948706661205366,0.14588522445480673,7,BMY,AMGN,6,2019-01-04,2021-01-05,0.23607246521082503
2021-04-28,2021-05-04,7.139773037350665,3.1796112106580168,short,2.213509698528382,0.002883980265887885,2.210625718262494,4,BMY,AMGN,6,2019-01-04,2021-01-05,0.23607246521082503
2021-05-20,2021-07-06,4.456790824484173,6.297585769476349,short,-0.2572254393922799,0.0007513871255180201,-0.2579768265177979,31,BMY,AMGN,6,2019-01-04,2021-01-05,0.23607246521082503
2021-04-01,2021-06-16,530.9896290465308,550.3951319993781,short,-261.4393416162834,7.284441960836738,-268.7237835771201,52,LMT,MMM,6,2019-01-04,2021-01-05,-1.4689489570234415
2021-06-23,2021-07-02,540.0050659177622,551.6209687920217,short,39.12361878875592,1.8383573495826666,37.285261439173254,7,LMT,MMM,6,2019-01-04,2021-01-05,-1.4689489570234415
2021-09-30,2021-12-17,-7.494280256660996,0.0451627070194327,short,-0.38165633830088486,-0.00018854197460373308,-0.38146779632628114,55,NVDA,META,7,2019-07-08,2021-07-07,0.08345723877611783
2021-09-30,2022-01-03,31.54522178805223,-6.96727859319293,short,-6.484558130332709,0.002069160659439992,-6.486627290992149,65,GS,SCHW,7,2019-07-08,2021-07-07,4.505529069948848
2021-10-06,2021-10-08,165.05040165746405,160.282570819189,short,11.465713050324386,0.39118150735145685,11.07453154297293,2,MCD,GM,7,2019-07-08,2021-07-07,1.182622107942012
2021-10-15,2021-10-27,155.93216650715792,160.65988607868053,short,11.369253194623045,0.3806713946122,10.988581800010845,8,MCD,GM,7,2019-07-08,2021-07-07,1.182622107942012
2021-11-01,2021-11-18,166.45726853151345,161.2793701368709,short,24.90369277370819,0.7881433680245782,24.115549405683613,13,MCD,GM,7,2019-07-08,2021-07-07,1.182622107942012
2021-12-06,2022-01-03,167.55639756034046,177.83976318363375,short,-49.45901959512823,0.8306111106087167,-50.28963070573695,19,MCD,GM,7,2019-07-08,2021-07-07,1.182622107942012
2021-09-30,2022-01-03,66.96689100870704,55.938668150381034,short,-20.228872396438067,0.1127217369916051,-20.341594133429673,65,JNJ,ABBV,7,2019-07-08,2021-07-07,0.8394236255689806
2021-10-08,2021-11-05,50.67509917497398,49.339007692602536,short,4.017409343409229,0.15036305997901278,3.867046283430216,20,JNJ,BMY,7,2019-07-08,2021-07-07,1.8964985311621059
2021-11-19,2021-12-17,51.5002178557142,51.18109718701179,short,0.4797719216967693,0.07718649506582069,0.4025854266309486,19,JNJ,BMY,7,2019-07-08,2021-07-07,1.8964985311621059
2021-10-12,2021-11-09,-194.47305668108487,-217.3895000203808,short,11.99921619098784,-0.10782711317073226,12.107043304158571,20,UNH,PFE,7,2019-07-08,2021-07-07,16.446196527838545
2021-11-11,2022-01-03,-263.8804440104992,-309.65099002867623,short,-23.965790359357612,-0.1501526124161373,-23.815637746941476,35,UNH,PFE,7,2019-07-08,2021-07-07,16.446196527838545
2021-10-14,2021-11-17,69.98687171434341,71.64853573054558,short,-0.5373382130690926,0.02290057316090127,-0.5602387862299938,24,UNH,ABBV,7,2019-07-08,2021-07-07,3.4543475343871473
2021-10-12,2021-11-02,24.740804393121515,26.86590605936823,short,2.4328877989089253,0.029540548152558806,2.4033472507563665,15,PFE,ABBV,7,2019-07-08,2021-07-07,0.1097531281851528
2021-11-05,2022-01-03,29.80069418351406,34.83848337572584,short,-11.534860711726902,0.07400110258871977,-11.608861814315622,39,PFE,ABBV,7,2019-07-08,2021-07-07,0.1097531281851528
2021-10-12,2021-11-02,23.457945043722262,25.398238525065388,short,2.047274206209372,0.025774967909744012,2.021499238299628,15,PFE,ABT,7,2019-07-08,2021-07-07,0.10567231196393462
2021-11-05,2022-01-03,28.72389761116639,34.05583416813552,short,-11.251840288275762,0.06624117783230266,-11.318081466108065,39,PFE,ABT,7,2019-07-08,2021-07-07,0.10567231196393462
2021-10-11,2021-11-02,26.48656044802824,28.460352777414286,short,2.4217765888698093,0.0337090042601972,2.388067584609612,16,PFE,LLY,7,2019-07-08,2021-07-07,0.03843409126239497
2021-11-05,2022-01-03,31.155217403621727,37.6498140973632,short,-15.937302007802149,0.08442145204676414,-16.021723459848914,39,PFE,LLY,7,2019-07-08,2021-07-07,0.03843409126239497
2021-10-06,2021-11-02,24.803114471892634,26.58397044051312,short,2.018038783362083,0.02911552987563782,1.9889232534864452,19,PFE,TMO,7,2019-07-08,2021-07-07,0.018081712858590684
2021-11-05,2022-01-03,29.928064301875335,36.19651981669262,short,-7.103318046815625,0.03746568437770054,-7.140783731193325,39,PFE,TMO,7,2019-07-08,2021-07-07,0.018081712858590684
2021-10-06,2022-01-03,-13.272546017331976,1.0418868217684292,short,-0.01673437410053764,-7.1491629733198646e-06,-0.01672722493756432,61,ABBV,AMGN,7,2019-07-08,2021-07-07,0.5750899054919025
2021-09-30,2021-12-14,22.45206576664337,19.701591206591296,short,-5.705300609100872,0.043719598119219064,-5.7490202072200915,52,BMY,TMO,7,2019-07-08,2021-07-07,0.050355108020135333
2022-01-03,2022-01-03,21.1029338822335,21.1029338822335,short,-0.0,0.021886874229049915,-0.021886874229049915,0,BMY,TMO,7,2019-07-08,2021-07-07,0.050355108020135333
2021-09-30,2021-11-15,5.361171197332034,6.500599926256804,short,0.3113361189447154,0.0016205479516536191,0.3097155709930618,32,BMY,AMGN,7,2019-07-08,2021-07-07,0.24169192794491068
2021-11-24,2021-12-13,4.822823251147902,5.1475336941532035,short,0.08872348619951677,0.0013621440977588705,0.0873613421017579,12,BMY,AMGN,7,2019-07-08,2021-07-07,0.24169192794491068
2021-09-30,2021-10-12,246.8462652070142,255.76784118371933,short,18.562249291582607,0.5228699707681241,18.039379320814483,8,LMT,RTX,7,2019-07-08,2021-07-07,0.8273245749788455
2021-10-19,2021-11-26,266.33035981212953,246.56810071280316,short,82.23479370110557,1.0671375898598603,81.16765611124572,27,LMT,RTX,7,2019-07-08,2021-07-07,0.8273245749788455
2021-12-28,2022-01-03,256.8834961390256,256.7156647203052,short,0.3491903943185441,0.5342977342070128,-0.18510733988846867,4,LMT,RTX,7,2019-07-08,2021-07-07,0.8273245749788455
2022-05-02,2022-05-23,2.154861801075697,1.045143068990285,short,-0.00828537070980991,1.1945921905755984e-05,-0.008297316631715667,15,AAPL,AVGO,8,2020-01-06,2022-01-04,2.837777154009628
2022-05-26,2022-06-21,-4.7496853259515035,-1.1897601548264731,short,0.02657907710229063,-2.217251371727007e-05,0.0266012496160079,16,AAPL,AVGO,8,2020-01-06,2022-01-04,2.837777154009628
2022-07-01,2022-07-06,8.766209337229952,11.41577000383603,short,-0.019782122898573177,7.534124443597603e-05,-0.01985746414300915,2,AAPL,AVGO,8,2020-01-06,2022-01-04,2.837777154009628
2022-03-31,2022-06-10,98.4210950388777,121.31705275799146,short,20.998642279500018,0.10076457201208008,20.89787770748794,49,MSFT,NVDA,8,2020-01-06,2022-01-04,7.399270872024449
2022-06-23,2022-07-06,132.57588586249244,147.83465206123327,short,-13.994320611729675,0.12858690275154835,-14.122907514481224,8,MSFT,NVDA,8,2020-01-06,2022-01-04,7.399270872024449
2022-03-31,2022-04-20,-53.63367028319158,-59.91712443463473,short,1.6609557798000467,-0.015007895676627548,1.6759636754766742,13,MSFT,CSCO,8,2020-01-06,2022-01-04,7.055843186731019
2022-04-27,2022-05-11,-39.28317734338043,-57.12675427916196,short,18.8669426270811,-0.05096961935237822,18.91791224643348,10,MSFT,CSCO,8,2020-01-06,2022-01-04,7.055843186731019
2022-05-19,2022-07-06,-19.513378393833676,-15.413723937386862,short,-4.334778038002819,-0.01846512160047653,-4.316312916402342,31,MSFT,CSCO,8,2020-01-06,2022-01-04,7.055843186731019
2022-04-12,2022-04-13,-9.43495337274149,-12.785108091884183,short,0.28951296833095463,-0.0009601043071775272,0.29047307263813216,1,JPM,USB,8,2020-01-06,2022-01-04,2.9882913240081903
2022-04-14,2022-04-22,-19.24063110140129,-13.797363825512008,short,0.9407902610926153,-0.0028550705208747374,0.9436453316134901,5,JPM,USB,8,2020-01-06,2022-01-04,2.9882913240081903
2022-05-10,2022-05-24,-17.297487982246665,-14.74729994082935,short,0.22038161564722145,-0.0013846198830959888,0.22176623553031743,10,JPM,USB,8,2020-01-06,2022-01-04,2.9882913240081903
2022-06-02,2022-06-06,-12.493225068424863,-14.753631600199242,short,0.1953393378847125,-0.0011773065743423418,0.19651664445905484,2,JPM,USB,8,2020-01-06,2022-01-04,2.9882913240081903
2022-06-14,2022-06-24,-12.411795010300082,-14.02870831433978,short,0.13973007500565107,-0.0011424649372074143,0.14087253994285848,7,JPM,USB,8,2020-01-06,2022-01-04,2.9882913240081903
2022-07-06,2022-07-06,-16.66868104902798,-16.66868104902798,short,0.0,-0.001440470585161794,0.001440470585161794,0,JPM,USB,8,2020-01-06,2022-01-04,2.9882913240081903
2022-03-31,2022-07-06,9.406700645193311,3.1482213427568873,short,-3.226523439032361,0.0032363093422370223,-3.229759748374598,65,BAC,GS,8,2020-01-06,2022-01-04,0.09373030092782705
2022-03-31,2022-07-06,14.446574487703359,9.564414111014411,short,-3.0527060558882395,0.0075067679723458645,-3.0602128238605855,65,WFC,GS,8,2020-01-06,2022-01-04,0.09902748930288743
2022-03-31,2022-06-01,14.554264205883001,14.757234893040643,short,0.3306112685873088,0.023872195628338207,0.3067390729589706,42,C,GS,8,2020-01-06,2022-01-04,0.10696033934816425
2022-06-13,2022-06-22,12.61002140104798,13.831531897431553,short,0.9948361028320096,0.010767411296981635,0.984068691535028,6,C,GS,8,2020-01-06,2022-01-04,0.10696033934816425
2022-06-24,2022-07-06,12.618547539275042,11.987139986858843,short,-0.5142379296814342,0.010019818232619824,-0.524257747914054,7,C,GS,8,2020-01-06,2022-01-04,0.10696033934816425
2022-03-31,2022-06-07,-142.88018678687416,-122.6927286991795,short,-32.039595430887175,-0.21074591790139613,-31.82884951298578,46,GS,BK,8,2020-01-06,2022-01-04,9.94710727763185
2022-06-29,2022-07-06,-103.93828312683866,-105.21592363648591,short,1.0138741801317397,-0.08298736941341063,1.0968615495451504,4,GS,BK,8,2020-01-06,2022-01-04,9.94710727763185
2022-04-01,2022-04-06,-85.75909740032802,-99.09345675909543,short,7.024325444894734,-0.04868867205390233,7.073014116948636,3,GS,USB,8,2020-01-06,2022-01-04,8.587685339828305
2022-04-08,2022-05-24,-89.08797235120113,-87.02237018158911,short,-1.088125907563413,-0.04638604401151205,-1.041739863551901,31,GS,USB,8,2020-01-06,2022-01-04,8.587685339828305
2022-06-14,2022-07-06,-75.15655389872586,-73.91350567768018,short,-0.654817754148891,-0.039263851542520406,-0.6155539026063706,14,GS,USB,8,2020-01-06,2022-01-04,8.587685339828305
2022-04-07,2022-05-19,43.450107718448535,50.565764504169834,short,13.304036924690275,0.08789003413336267,13.216146890556912,29,JNJ,ABBV,8,2020-01-06,2022-01-04,0.7989227152366373
2022-05-23,2022-06-28,59.212267694038545,53.7755165887465,short,20.330024236216456,0.2112515681129407,20.118772668103514,24,JNJ,ABBV,8,2020-01-06,2022-01-04,0.7989227152366373
2022-03-31,2022-05-09,54.96257877261519,58.55603954299443,short,-0.06509119109934532,0.0010281261644794829,-0.0661193172638248,26,UNH,PFE,8,2020-01-06,2022-01-04,9.765787847793808
2022-05-12,2022-06-21,33.3969521233177,55.5312646007294,short,0.4009362715730379,0.0008054134883874158,0.4001308580846505,26,UNH,PFE,8,2020-01-06,2022-01-04,9.765787847793808
2022-03-31,2022-04-18,-133.19679077544913,-104.98287495180159,short,22.853452577364788,-0.09646352760129934,22.949916104966086,11,UNH,ABBV,8,2020-01-06,2022-01-04,4.340694808549023
2022-04-20,2022-04-26,-83.43369923270666,-112.04565274328058,short,11.587932826956528,-0.03958488187319327,11.627517708829721,4,UNH,ABBV,8,2020-01-06,2022-01-04,4.340694808549023
2022-04-29,2022-05-05,-81.2849829902791,-114.78034904414926,short,27.131461100908354,-0.07940708754717637,27.210868188455528,4,UNH,ABBV,8,2020-01-06,2022-01-04,4.340694808549023
2022-05-12,2022-05-20,-138.00599501192687,-118.82375191115159,short,15.537739807943336,-0.10401687022904646,15.641756678172381,6,UNH,ABBV,8,2020-01-06,2022-01-04,4.340694808549023
2022-05-23,2022-06-24,-101.34500658814056,-112.84286446472066,short,4.656669272109084,-0.043373386951578274,4.700042659060662,22,UNH,ABBV,8,2020-01-06,2022-01-04,4.340694808549023
2022-03-31,2022-05-19,13.318065569393593,12.625130860153256,short,-0.466031390374673,0.00872401377907566,-0.4747554041537487,34,PFE,LLY,8,2020-01-06,2022-01-04,0.11022770254390468
2022-06-10,2022-07-06,10.889609832172283,9.71110412036694,short,-0.7926008729440721,0.006927477609353614,-0.7995283505534257,16,PFE,LLY,8,2020-01-06,2022-01-04,0.11022770254390468
2022-04-04,2022-04-18,14.504561298300008,16.14651041927054,short,1.1931567528522582,0.011136621937579052,1.1820201309146792,9,PFE,TMO,8,2020-01-06,2022-01-04,0.04916553908273809
2022-04-20,2022-04-28,13.444721627155289,15.662154039370062,short,3.2226875033297815,0.021151121439998047,3.2015363818897833,6,PFE,TMO,8,2020-01-06,2022-01-04,0.04916553908273809
2022-05-12,2022-06-14,17.52167663952062,16.286571829064528,short,0.8975148049684558,0.012283736276357891,0.8852310686920979,22,PFE,TMO,8,2020-01-06,2022-01-04,0.04916553908273809
2022-06-30,2022-07-06,18.400995796211834,18.05282102873572,short,0.2530084944053175,0.013244965132115689,0.2397635292732018,3,PFE,TMO,8,2020-01-06,2022-01-04,0.04916553908273809
2022-03-31,2022-06-10,64.89509425637013,70.59838621878865,short,-27.468600993316482,0.3262866759138868,-27.79488766923037,49,MRK,TMO,8,2020-01-06,2022-01-04,0.01649078494171607
2022-06-23,2022-07-06,75.43240001097433,76.21499576293367,short,-1.8845967023332584,0.18259374733213737,-2.0671904496653957,8,MRK,TMO,8,2020-01-06,2022-01-04,0.01649078494171607
2022-03-31,2022-06-01,55.96773885784563,58.11794704617627,short,-11.866096225675124,0.31479550079294594,-12.180891726468069,42,BMY,TMO,8,2020-01-06,2022-01-04,0.013531932779955265
2022-06-16,2022-07-05,56.75528743556268,59.59962636466657,short,7.848356176474245,0.1605284794022173,7.687827697072027,11,BMY,TMO,8,2020-01-06,2022-01-04,0.013531932779955265
2022-05-20,2022-07-06,-89.52778393642632,-128.21463423861076,short,-26.881825314245496,-0.07564991209108893,-26.80617540215441,30,DE,RTX,8,2020-01-06,2022-01-04,4.6373081379844034
2022-09-30,2022-10-13,42.92793303092151,48.91777142735552,short,3.0374017585812965,0.023287131119079273,3.014114627462217,9,AAPL,AVGO,9,2020-07-07,2022-07-07,2.2075789024149826
2022-10-25,2022-10-26,53.49005366172729,50.31001574436938,short,1.6125731819891054,0.0263181151550465,1.586255066834059,1,AAPL,AVGO,9,2020-07-07,2022-07-07,2.2075789024149826
2022-10-28,2022-11-01,54.14567522315363,50.179479254819896,short,2.01122798509338,0.02645124848980166,1.9847767366035785,2,AAPL,AVGO,9,2020-07-07,2022-07-07,2.2075789024149826
2022-11-03,2023-01-04,43.574997987254164,6.065360977345577,short,-38.041706596114715,0.025172250674650266,-38.066878846789365,41,AAPL,AVGO,9,2020-07-07,2022-07-07,2.2075789024149826
2022-10-11,2022-10-17,143.7632604576549,153.61348501129243,short,12.509443731034807,0.18882907918014485,12.320614651854662,4,MSFT,NVDA,9,2020-07-07,2022-07-07,6.613558784488024
2022-10-26,2022-12-27,140.88541784733184,138.9339843521787,short,-9.913011574323983,0.7107218820456105,-10.623733456369594,42,MSFT,NVDA,9,2020-07-07,2022-07-07,6.613558784488024
2023-01-04,2023-01-04,127.08091829355217,127.08091829355217,short,0.0,0.1613883610495324,-0.1613883610495324,0,MSFT,NVDA,9,2020-07-07,2022-07-07,6.613558784488024
2022-10-07,2022-11-01,70.79375349565325,78.01798567673131,short,14.048537442342774,0.14469269793813683,13.903844744404637,17,MSFT,GOOGL,9,2020-07-07,2022-07-07,1.6121278210972774
2022-11-10,2023-01-04,86.93157603210352,83.38795441796194,short,6.891071560262917,0.16560516333881992,6.725466396924097,36,MSFT,GOOGL,9,2020-07-07,2022-07-07,1.6121278210972774
2022-10-11,2022-12-13,43.06430522773485,23.02408526574331,short,-0.6950831386971728,0.001146118305656714,-0.6962292570028294,44,MSFT,ORCL,9,2020-07-07,2022-07-07,2.9421840860726842
2022-12-27,2023-01-04,2.2688065365138925,-15.374207328483863,short,-0.6119374675836482,-0.0002272765252488187,-0.6117101910583994,5,MSFT,ORCL,9,2020-07-07,2022-07-07,2.9421840860726842
2022-10-12,2022-10-14,-33.452073145437936,-37.534985260119385,short,2.7506654229856644,-0.023912056095146298,2.774577479080811,2,GOOGL,CSCO,9,2020-07-07,2022-07-07,3.6040009497765744
2022-10-21,2023-01-04,-41.62783615344637,-71.63841223787747,short,-20.21818046548026,-0.038153840235871456,-20.180026625244388,50,GOOGL,CSCO,9,2020-07-07,2022-07-07,3.6040009497765744
2022-10-04,2022-10-17,-25.356648895356614,-33.02755950034543,short,0.00949149592567095,-3.6120449360401414e-05,0.009527616375031352,9,GS,USB,9,2020-07-07,2022-07-07,8.538678427461232
2022-10-19,2022-12-22,-18.01699824242104,3.6978093512009877,short,-0.053737038121015226,-1.7717651791110393e-05,-0.05371932046922412,45,GS,USB,9,2020-07-07,2022-07-07,8.538678427461232
2023-01-03,2023-01-04,-12.80887070454736,-21.922448603185842,short,-0.011276560495562972,-2.1487160565274702e-05,-0.011255073334997697,1,GS,USB,9,2020-07-07,2022-07-07,8.538678427461232
2022-10-28,2022-11-07,171.992546724313,160.6495341306981,short,15.14321710347481,0.222042918782202,14.921174184692608,6,HD,F,9,2020-07-07,2022-07-07,10.045261794766954
2022-11-10,2023-01-04,176.7748664899119,202.47046195230251,short,-68.60857774399012,0.5063023863088941,-69.11488013029901,36,HD,F,9,2020-07-07,2022-07-07,10.045261794766954
2022-09-30,2022-10-19,107.02228648309263,98.42546165493575,short,17.849582227645882,0.21328551803588625,17.636296709609997,13,LOW,F,9,2020-07-07,2022-07-07,7.913896037010741
2022-11-03,2023-01-04,87.3589575661886,115.00322770002185,short,57.397781476362,0.2100822418670677,57.18769923449493,41,LOW,F,9,2020-07-07,2022-07-07,7.913896037010741
2022-09-30,2023-01-04,48.65632340115047,65.10224404258834,short,-30.841580548329905,0.10666760765093727,-30.948248155980842,65,TJX,F,9,2020-07-07,2022-07-07,1.2350721228786723
2022-10-03,2022-11-09,141.3095847014048,141.61663844198375,short,-0.15002297704655007,0.0691172727622121,-0.21914024980876218,27,UNH,PFE,9,2020-07-07,2022-07-07,9.23104492896043
2022-11-11,2023-01-04,116.78338429024268,81.1382296076676,short,-69.66327409243135,0.193404514029597,-69.85667860646095,35,UNH,PFE,9,2020-07-07,2022-07-07,9.23104492896043
2022-09-30,2022-10-24,94.06923211272698,101.13657085944267,short,24.60660713368421,0.3398275274539332,24.266779606230276,16,HON,GE,9,2020-07-07,2022-07-07,1.6679063119253557
2022-10-27,2023-01-04,107.47801883655274,106.87025749287412,short,1.0580322488355036,0.18657602297157763,0.871456225863926,46,HON,GE,9,2020-07-07,2022-07-07,1.6679063119253557
2022-10-03,2022-10-07,45.082832255924345,38.661378433820715,short,3.7510075482056475,0.024459038024574026,3.7265485101810736,4,CVX,HAL,9,2020-07-07,2022-07-07,3.6392712463861727
2022-10-21,2022-11-18,38.51075159318931,38.81969368760704,short,0.18046444936354597,0.022585779793036546,0.15787866957050942,20,CVX,HAL,9,2020-07-07,2022-07-07,3.6392712463861727
2022-11-30,2022-12-09,35.05419642476309,37.64276963996468,short,1.5120808991698511,0.02123248690988119,1.49084841225997,7,CVX,HAL,9,2020-07-07,2022-07-07,3.6392712463861727
2022-12-13,2023-01-04,28.873745401419484,22.69169412905822,short,-14.444654826420525,0.060242542658976786,-14.504897369079501,14,CVX,HAL,9,2020-07-07,2022-07-07,3.6392712463861727
2023-04-13,2023-04-18,137.86637971763753,129.73786642908456,short,6.54574359980418,0.10774841101398752,6.437995188790193,3,MSFT,NVDA,10,2021-01-05,2023-01-05,5.555635838654213
2023-04-26,2023-07-07,140.56285260061375,96.07075686601976,short,71.65734755129834,0.19055673278483626,71.4667908185135,49,MSFT,NVDA,10,2021-01-05,2023-01-05,5.555635838654213
2023-04-03,2023-06-09,55.48400320189321,63.86279894737592,short,-8.45481740712318,0.06021482388087465,-8.515032231004055,47,GOOGL,ADBE,10,2021-01-05,2023-01-05,0.12695709457682375
2023-06-27,2023-07-07,55.508276485095976,57.15925519299313,short,1.665958204774737,0.056844887796857896,1.609113316977879,7,GOOGL,ADBE,10,2021-01-05,2023-01-05,0.12695709457682375
2023-04-03,2023-04-17,-6.989038151160109,-3.759858858333615,short,0.23202223455444201,-0.0003861636157333517,0.23240839817017536,9,WFC,AXP,10,2021-01-05,2023-01-05,0.267614692177212
2023-05-11,2023-06-01,-2.1798087170488856,-4.373964063155938,short,0.07882696812379927,-0.00011772503686952333,0.0789446931606688,14,WFC,AXP,10,2021-01-05,2023-01-05,0.267614692177212
2023-06-28,2023-07-06,-5.680865746636471,-3.9829340742499255,short,0.06099969450799005,-0.00017359027057663548,0.06117328477856669,5,WFC,AXP,10,2021-01-05,2023-01-05,0.267614692177212
2023-04-05,2023-04-19,153.53940598809248,163.33630947723177,short,14.974212669641773,0.2421665355018994,14.732046134139873,9,HD,F,10,2021-01-05,2023-01-05,11.170463074537867
2023-05-17,2023-05-26,164.59134478286816,159.2807825142653,short,8.117002366471308,0.24751341672871002,7.869488949742598,7,HD,F,10,2021-01-05,2023-01-05,11.170463074537867
2023-05-30,2023-06-27,154.02191443879656,158.6503624210868,short,7.074415349096972,0.23895413355819173,6.83546121553878,19,HD,F,10,2021-01-05,2023-01-05,11.170463074537867
2023-06-28,2023-07-07,148.08340385447656,142.71906896861577,short,-16.39838373443344,0.44448106258657033,-16.842864797020013,6,HD,F,10,2021-01-05,2023-01-05,11.170463074537867
2023-04-10,2023-04-17,106.62231427809226,111.88333573765624,short,7.6528786436382,0.15892324669004418,7.493955396948156,5,LOW,F,10,2021-01-05,2023-01-05,7.7460850160799986
2023-04-19,2023-05-30,118.6060277897113,113.09043173055238,short,8.023192380509817,0.1685171691939994,7.854675211315818,28,LOW,F,10,2021-01-05,2023-01-05,7.7460850160799986
2023-04-17,2023-04-18,111.74116425998595,107.47143448010561,short,11.169053351518503,0.2867157099953196,10.882337641523183,1,JNJ,UNH,10,2021-01-05,2023-01-05,0.08772165796426525
2023-04-20,2023-05-17,111.30368561633946,107.24945627697421,short,10.605332450788293,0.28585318366644114,10.319479267121851,19,JNJ,UNH,10,2021-01-05,2023-01-05,0.08772165796426525
2023-06-01,2023-06-05,103.44406397388491,106.60867533872822,short,8.278208456495651,0.2747352142833891,8.003473242212262,2,JNJ,UNH,10,2021-01-05,2023-01-05,0.08772165796426525
2023-06-14,2023-07-07,112.88735655912927,110.41295982533717,short,12.94539493472193,0.5841243534570859,12.361270581264844,15,JNJ,UNH,10,2021-01-05,2023-01-05,0.08772165796426525
2023-05-25,2023-06-05,92.57269027105465,95.8662109205915,short,8.713197663945442,0.24926295723853925,8.463934706706903,6,JNJ,MRK,10,2021-01-05,2023-01-05,0.49876888282317144
2023-06-08,2023-07-07,98.99044885427554,98.31825058370413,short,1.7783390554040273,0.26099573707863055,1.5173433183253966,19,JNJ,MRK,10,2021-01-05,2023-01-05,0.49876888282317144
2023-04-05,2023-05-23,93.88368356086517,89.15967176632259,short,10.396551457659308,0.2014198678377763,10.195131589821532,33,JNJ,BMY,10,2021-01-05,2023-01-05,0.9680370608515972
2023-06-08,2023-07-07,93.46470028210152,94.3529060647871,short,-1.9547531899368238,0.20667342652442525,-2.1614266164612492,19,JNJ,BMY,10,2021-01-05,2023-01-05,0.9680370608515972
2023-04-19,2023-05-22,170.1801326952942,161.18978101016395,short,56.277889377163824,1.0371562759486173,55.240733101215206,23,ABT,AMGN,10,2021-01-05,2023-01-05,-0.2739373277104016
2023-05-25,2023-06-15,153.6647155692334,159.24518369417797,short,17.466333843639248,0.4896890942790367,16.97664474936021,14,ABT,AMGN,10,2021-01-05,2023-01-05,-0.2739373277104016
2023-10-06,2024-01-05,72.1721090594584,50.961812212964944,short,19.911776824492005,0.05779775685474205,19.853979067637262,62,GOOGL,INTC,11,2021-07-07,2023-07-10,1.81453281106142
2023-10-11,2023-12-21,21.84434592592686,37.189735889995006,short,-1.0875007700202872,0.0020918207221381035,-1.0895925907424253,50,GS,MS,11,2021-07-07,2023-07-10,3.754803453664546
2023-10-03,2023-12-08,32.116761389577405,28.855108232468424,short,-6.778276505699777,0.06335501836958415,-6.841631524069362,47,MS,BK,11,2021-07-07,2023-07-10,1.047964732580868
2023-12-14,2024-01-05,34.60780883937585,35.924638449685766,short,-1.3682992610846856,0.03664464056416683,-1.4049439016488523,14,MS,BK,11,2021-07-07,2023-07-10,1.047964732580868
2023-10-03,2023-11-08,197.0275506697188,210.8826891662847,short,66.64730212550982,0.9810842742992998,65.66621785121052,26,HD,GM,11,2021-07-07,2023-07-10,2.679585871387385
2023-11-16,2024-01-05,221.1660977426944,235.67416070416482,short,-34.89403067636951,0.5493840919625304,-35.44341476833204,33,HD,GM,11,2021-07-07,2023-07-10,2.679585871387385
2023-10-03,2023-11-02,164.7720782632104,184.09974684614122,short,74.2557233105456,0.6701721318587712,73.58555117868683,22,HD,F,11,2021-07-07,2023-07-10,10.825793171077047
2023-11-15,2024-01-05,193.9927258304034,216.14534866235752,short,-42.55451257750773,0.3939313638370066,-42.948443941344735,34,HD,F,11,2021-07-07,2023-07-10,10.825793171077047
2023-10-03,2023-11-10,121.8588586953148,129.7794660521284,short,55.70785686290339,0.8849215183095985,54.822935344593795,28,LOW,F,11,2021-07-07,2023-07-10,6.7488637733007755
2023-12-06,2024-01-05,138.48700282152913,135.2068684137648,short,5.767526713769908,0.2406207364564297,5.526905977313478,20,LOW,F,11,2021-07-07,2023-07-10,6.7488637733007755
2023-10-03,2023-11-24,121.21660803972948,121.95257928731728,short,3.73947747745869,0.6177725707368381,3.1217049067218516,37,JNJ,PFE,11,2021-07-07,2023-07-10,0.845059762449714
2023-12-01,2024-01-05,128.78114222607044,130.97260376638286,short,-11.134838622534085,0.6599057273011384,-11.794744349835224,23,JNJ,PFE,11,2021-07-07,2023-07-10,0.845059762449714
2023-10-03,2023-11-20,105.99336223094825,107.59019890711818,short,3.746349467576022,0.25054492813623114,3.4958045394397907,34,JNJ,BMY,11,2021-07-07,2023-07-10,0.7861801633621047
2023-11-29,2024-01-05,109.81786219365469,115.44314571569146,short,-13.197516215806141,0.2642431970785383,-13.46175941288468,25,JNJ,BMY,11,2021-07-07,2023-07-10,0.7861801633621047
2023-10-03,2023-12-11,232.54946159222794,258.0873302001752,short,-34.129301368012605,0.3278482473691402,-34.457149615381745,48,UNH,ABBV,11,2021-07-07,2023-07-10,1.9097828817596185
2023-12-18,2024-01-05,237.50284369994534,232.41053781516604,short,-6.805456041294394,0.31400066428410234,-7.1194567055784965,12,UNH,ABBV,11,2021-07-07,2023-07-10,1.9097828817596185
2023-10-16,2023-12-20,708.8464015065587,719.9664087232367,short,-38.920025258373016,2.5004224179021417,-41.42044767627516,46,UNH,ABT,11,2021-07-07,2023-07-10,-2.0974631263871144
2024-01-02,2024-01-05,747.7222440719897,747.7400297161018,short,-0.12449950878476557,5.23411795825832,-5.358617467043086,3,UNH,ABT,11,2021-07-07,2023-07-10,-2.0974631263871144
2023-10-03,2023-12-18,233.02945678022525,275.8096074132207,short,-90.6247409706302,0.5389579946067626,-91.16369896523696,53,UNH,BMY,11,2021-07-07,2023-07-10,5.017049975114313
2023-10-26,2023-12-13,146.03097448101687,148.68542706062766,short,-1.7629115929049939,0.0978655570809234,-1.8607771499859174,33,UNH,AMGN,11,2021-07-07,2023-07-10,1.4351775793951496
2023-12-19,2024-01-05,128.73353669545133,108.07715274652634,short,-13.718602099268212,0.07863698770657623,-13.797239086974788,11,UNH,AMGN,11,2021-07-07,2023-07-10,1.4351775793951496
2023-10-03,2024-01-05,-12.765971601615753,-27.28990420898633,short,-0.3617217400135918,-0.0004988002040379353,-0.3612229398095539,65,BMY,AMGN,11,2021-07-07,2023-07-10,0.26230962343436
2023-10-03,2023-11-22,676.921233361757,668.8070267665,short,-22.274713867737454,1.8471129361931018,-24.121826803930556,36,TMO,AMGN,11,2021-07-07,2023-07-10,-0.7279701128181504
2023-12-13,2024-01-05,711.4865419450174,739.3218900657012,short,-305.6488185348987,7.965373402947263,-313.61419193784593,15,TMO,AMGN,11,2021-07-07,2023-07-10,-0.7279701128181504
2023-10-03,2023-11-20,173.35591369319187,174.37605696563347,short,6.237469072989929,1.063069997748002,5.174399075241927,34,UPS,LMT,11,2021-07-07,2023-07-10,-0.08498342794311801
2023-12-01,2024-01-05,180.03088574582688,184.135160834338,short,-12.547398793484962,0.5566557449181289,-13.10405453840309,23,UPS,LMT,11,2021-07-07,2023-07-10,-0.08498342794311801
2023-10-03,2023-10-27,-89.08426372656652,-109.00572611908922,short,16.59046007697359,-0.08248400653096558,16.672944083504554,18,LMT,RTX,11,2021-07-07,2023-07-10,6.9992228994736045
2023-12-01,2024-01-05,-125.52041747056523,-139.4241004976351,short,-5.789446920073415,-0.05516100376263367,-5.734285916310781,23,LMT,RTX,11,2021-07-07,2023-07-10,6.9992228994736045
2023-10-03,2023-10-19,528.5321658720351,569.0006934052606,short,522.5080368919273,7.0853793636861795,515.4226575282411,12,LMT,MMM,11,2021-07-07,2023-07-10,-2.04867338303246
2023-11-22,2024-01-05,585.9990765805833,616.5952581266522,short,-98.76039314069456,1.9409070557649097,-100.70130019645947,29,LMT,MMM,11,2021-07-07,2023-07-10,-2.04867338303246
2024-04-25,2024-05-02,115.0352072878926,125.93856486453876,short,9.745412866294155,0.10769108887173168,9.637721777422422,5,MSFT,AVGO,12,2022-01-04,2024-01-08,2.1967333070262804
2024-05-14,2024-05-21,113.85507737579132,122.83393004390342,short,4.012645907523048,0.052888114555622034,3.9597577929674257,5,MSFT,AVGO,12,2022-01-04,2024-01-08,2.1967333070262804
2024-06-05,2024-07-09,114.83492620520263,79.57194235024514,short,-15.759014328764788,0.043440178513777204,-15.802454507278565,22,MSFT,AVGO,12,2022-01-04,2024-01-08,2.1967333070262804
2024-04-04,2024-04-15,31.693471457008926,28.298345563709788,short,3.1517955635787214,0.027846087108303295,3.123949476470418,7,MS,BK,12,2022-01-04,2024-01-08,1.0357102053801632
2024-04-16,2024-06-06,31.455405424250493,33.35452820764086,short,-1.7630117266622523,0.03008248702941823,-1.7930942136916705,36,MS,BK,12,2022-01-04,2024-01-08,1.0357102053801632
2024-07-08,2024-07-09,37.352346227477994,38.63325666002918,short,-1.189106956718329,0.035269838822380085,-1.224376795540709,1,MS,BK,12,2022-01-04,2024-01-08,1.0357102053801632
2024-04-16,2024-05-23,0.06591405280975948,0.5760570861566308,short,0.005366435625446594,3.3765988805685333e-06,0.005363059026566025,27,BK,AXP,12,2022-01-04,2024-01-08,0.24239632630714353
2024-06-03,2024-07-09,1.4455247620079703,1.692200762329655,short,-0.0025949014090894547,1.6503608729308345e-05,-0.002611405017818763,24,BK,AXP,12,2022-01-04,2024-01-08,0.24239632630714353
2024-04-11,2024-05-03,259.44757365741646,266.58904523039445,short,14.190616042934193,0.5226362386854266,13.667979804248766,16,HD,SBUX,12,2022-01-04,2024-01-08,0.9305265193435508
2024-05-22,2024-06-12,247.2914499689088,263.9675715472308,short,33.136649216483086,0.5079541659364474,32.62869505054664,14,HD,SBUX,12,2022-01-04,2024-01-08,0.9305265193435508
2024-06-20,2024-06-25,272.7399087085805,258.37540520452876,short,28.543298365098657,0.5276821042585578,28.015616260840098,3,HD,SBUX,12,2022-01-04,2024-01-08,0.9305265193435508
2024-04-10,2024-06-13,257.6992218598627,246.8607142485015,short,-21.93365264917222,0.5105334966821838,-22.444186145854403,45,HD,TJX,12,2022-01-04,2024-01-08,0.8685028621736298
2024-07-01,2024-07-09,233.45665342102575,232.989303296738,short,-0.945766304664481,0.4719682801871174,-1.4177345848515983,5,HD,TJX,12,2022-01-04,2024-01-08,0.8685028621736298
2024-05-17,2024-07-09,161.32107184009078,139.0679324234198,short,-40.48698952493624,0.2732613641900725,-40.76025088912631,34,LOW,TJX,12,2022-01-04,2024-01-08,0.661611817574717
2024-04-04,2024-05-16,129.11492110223736,129.05919854731187,long,-0.7801157689569322,1.8072188375468445,-2.587334606503777,30,JNJ,PFE,12,2022-01-04,2024-01-08,0.7066151702720173
2024-05-24,2024-06-21,123.20442148016024,125.68333958784436,short,8.676213376894431,0.43555358186900806,8.240659795025422,18,JNJ,PFE,12,2022-01-04,2024-01-08,0.7066151702720173
2024-07-08,2024-07-09,122.39064154463406,124.05022443073338,short,5.808540101347603,0.431271515456893,5.37726858589071,1,JNJ,PFE,12,2022-01-04,2024-01-08,0.7066151702720173
2024-04-04,2024-05-15,163.02546426668746,163.62502661517155,long,8.393872878777188,2.286553436173013,6.107319442604175,29,JNJ,LLY,12,2022-01-04,2024-01-08,-0.021694497613039453
2024-05-28,2024-06-10,157.23124669116226,161.12566712460713,short,13.630471517057074,0.5571245991775964,13.073346917879478,9,JNJ,LLY,12,2022-01-04,2024-01-08,-0.021694497613039453
2024-04-04,2024-05-01,114.0176811697462,117.29385103509313,short,41.776494288547156,1.4747991253816228,40.30169516316553,19,JNJ,BMY,12,2022-01-04,2024-01-08,0.6718350766787264
2024-05-22,2024-05-24,121.89654064065786,116.26779734214966,short,17.943907972314854,0.3796228337667694,17.564285138548083,2,JNJ,BMY,12,2022-01-04,2024-01-08,0.6718350766787264
2024-04-04,2024-05-17,100.07673913775886,100.12371169922147,short,0.4762151095337369,1.0148316022740773,-0.5386164927403404,31,JNJ,TMO,12,2022-01-04,2024-01-08,0.08168516008487005
2024-05-24,2024-06-20,94.81194831121744,97.7493031975412,short,7.444839792500872,0.2440269771965447,7.200812815304327,17,JNJ,TMO,12,2022-01-04,2024-01-08,0.08168516008487005
2024-07-09,2024-07-09,99.10633440558408,99.10633440558408,short,-0.0,0.502377690558883,-0.502377690558883,0,JNJ,TMO,12,2022-01-04,2024-01-08,0.08168516008487005
2024-04-04,2024-04-17,279.95980361421755,305.11504925293855,short,70.64754300757656,0.8215801472230337,69.82596286035353,9,UNH,ABBV,12,2022-01-04,2024-01-08,1.0374013129486288
2024-05-07,2024-05-30,328.27396010406335,315.59489082404764,short,17.80433999970863,0.4520702460082936,17.352269753700337,16,UNH,ABBV,12,2022-01-04,2024-01-08,1.0374013129486288
2024-04-04,2024-04-19,572.9859654984552,615.028540039449,short,450.186300240213,6.3605507122111336,443.82574952800184,11,UNH,ABT,12,2022-01-04,2024-01-08,-1.1963832434082686
2024-05-15,2024-05-31,627.9352307017875,603.4558910081438,short,65.5303789629933,1.6481965581422515,63.882182404851044,11,UNH,ABT,12,2022-01-04,2024-01-08,-1.1963832434082686
2024-06-28,2024-07-01,621.1506620252005,605.9823765936625,short,40.60499609005524,1.642497184668422,38.962498905386816,1,UNH,ABT,12,2022-01-04,2024-01-08,-1.1963832434082686
2024-04-04,2024-04-23,220.41041760012854,245.9451609669666,short,47.78781790207114,0.4363880839923052,47.351429818078834,13,UNH,AMGN,12,2022-01-04,2024-01-08,0.8711101565637032
2024-05-03,2024-05-10,220.44091787820173,241.2944174010887,short,19.513476667928057,0.2160323662184785,19.29744430170958,5,UNH,AMGN,12,2022-01-04,2024-01-08,0.8711101565637032
2024-05-29,2024-06-13,223.62436721173117,234.1215561388535,short,9.822651156628334,0.2141658378570369,9.608485318771297,11,UNH,AMGN,12,2022-01-04,2024-01-08,0.8711101565637032
2024-06-18,2024-07-09,213.9138872837235,216.39751584170483,short,4.6480666580473144,0.4026600674680889,4.2454065905792255,13,UNH,AMGN,12,2022-01-04,2024-01-08,0.8711101565637032
2024-04-25,2024-04-30,58.40109921642293,61.45446085998495,short,19.370310572303193,0.38017760316608995,18.990132969137104,3,PFE,LLY,12,2022-01-04,2024-01-08,-0.048803527236314176
2024-05-06,2024-07-09,63.102121140184195,71.18267070806803,short,-25.63121781771687,0.21297330834706438,-25.844191126063933,43,PFE,LLY,12,2022-01-04,2024-01-08,-0.048803527236314176
2024-04-26,2024-06-07,91.45003234027749,92.38378548259132,short,2.9584302018884494,0.2912223231870227,2.6672078787014266,29,ABBV,AMGN,12,2022-01-04,2024-01-08,0.23587233172684716
2024-04-12,2024-06-12,129.97251559801487,129.01615316291037,short,-3.3472685228657326,0.45323017033161916,-3.8004986931973517,42,ABT,LLY,12,2022-01-04,2024-01-08,-0.03151225776549453
2024-06-20,2024-07-03,131.7384877891011,127.97940649195301,short,13.1567845400183,0.4545063149918447,12.702278225026456,9,ABT,LLY,12,2022-01-04,2024-01-08,-0.03151225776549453
2024-04-04,2024-06-07,26.49703489869306,23.08084277190936,short,-4.950877926070698,0.03592509014004295,-4.98680301621074,45,ABT,TMO,12,2022-01-04,2024-01-08,0.14152205347146177
2024-04-04,2024-05-16,144.8391212161555,147.1645475349223,short,30.993892494894194,1.945950779938082,29.04794171495611,30,ABT,AMGN,12,2022-01-04,2024-01-08,-0.1469898000398313
2024-05-28,2024-06-06,142.2457067338245,145.29312769812978,short,10.154206670849614,0.4790491344839337,9.675157536365681,7,ABT,AMGN,12,2022-01-04,2024-01-08,-0.1469898000398313
2024-06-10,2024-06-18,148.29761805693022,145.06257920191328,short,10.779361797020186,0.4887477159964013,10.290614081023785,6,ABT,AMGN,12,2022-01-04,2024-01-08,-0.1469898000398313
2024-06-20,2024-07-01,148.1359245761971,145.00639052959113,short,10.427812850576068,0.48838471717905263,9.939428133397016,7,ABT,AMGN,12,2022-01-04,2024-01-08,-0.1469898000398313
2024-04-12,2024-04-23,737.551366093905,750.9627203187038,short,42.071987691730804,2.3347659480472407,39.73722174368356,7,TMO,AMGN,12,2022-01-04,2024-01-08,-0.6788936342951062
2024-05-03,2024-05-29,773.4135465256618,759.9847482014402,short,84.25342114470386,4.810335563502555,79.4430855812013,17,TMO,AMGN,12,2022-01-04,2024-01-08,-0.6788936342951062
2024-07-02,2024-07-09,736.579020230662,737.8962101671782,short,4.132080762904021,2.3127457043209514,1.8193350585830697,4,TMO,AMGN,12,2022-01-04,2024-01-08,-0.6788936342951062
2024-04-04,2024-05-09,113.45612929438175,115.46737051050162,short,17.52421399409335,0.9973205517827022,16.526893442310648,25,HON,LMT,12,2022-01-04,2024-01-08,0.17647866884255248
2024-05-16,2024-05-23,122.97696022600613,115.51152802209,short,16.26182757832177,0.2597477660617391,16.002079812260032,5,HON,LMT,12,2022-01-04,2024-01-08,0.17647866884255248
2024-06-04,2024-07-09,122.34103859662271,127.11865911100861,short,-20.814023600359363,0.5433939363529112,-21.357417536712273,23,HON,LMT,12,2022-01-04,2024-01-08,0.17647866884255248
2024-04-04,2024-05-10,137.56418747626634,140.48526594989977,short,30.802793604352228,1.4660167474097001,29.336776856942528,26,HON,RTX,12,2022-01-04,2024-01-08,0.5527026327659312
2024-05-16,2024-05-22,145.9375945999352,141.0756969793252,short,12.817186382095068,0.3783196541115576,12.43886672798351,4,HON,RTX,12,2022-01-04,2024-01-08,0.5527026327659312
2024-06-04,2024-07-09,144.55376164075136,151.5300423674989,short,-18.391232663867132,0.39027573149692285,-18.781508395364057,23,HON,RTX,12,2022-01-04,2024-01-08,0.5527026327659312
2024-04-05,2024-04-16,180.10755549845436,172.36427978684506,short,35.40580753290646,0.8058314352781821,34.59997609762828,7,UPS,GE,12,2022-01-04,2024-01-08,-0.24866368320660043
2024-04-23,2024-05-22,179.40500850830614,175.68408002676793,short,8.50689569683884,0.4059075381643329,8.100988158674506,21,UPS,GE,12,2022-01-04,2024-01-08,-0.24866368320660043
2024-05-23,2024-07-09,172.36344227479887,167.27789052358065,short,-11.62673739179344,0.38824898231539334,-12.014986374108833,30,UPS,GE,12,2022-01-04,2024-01-08,-0.24866368320660043
2024-04-04,2024-07-09,544.0206610383935,564.45440356922,short,-71.51809885789243,1.9398313630633237,-73.45793022095575,65,LMT,MMM,12,2022-01-04,2024-01-08,-1.1875105570519682
2024-04-04,2024-06-12,100.68281908155544,104.83027304689395,short,-9.9753918983653,0.24714844954991677,-10.222540347915217,48,CVX,SLB,12,2022-01-04,2024-01-08,0.9820956202483586
2024-07-05,2024-07-09,103.55100008663112,103.17628872816891,short,-0.9012499428970202,0.24860863306120684,-1.149858575958227,2,CVX,SLB,12,2022-01-04,2024-01-08,0.9820956202483586
2024-04-04,2024-05-22,115.74889229721626,116.0380073985423,short,-0.7585510353505426,0.3040695417473682,-1.0626205770979107,34,CVX,BKR,12,2022-01-04,2024-01-08,1.1058494962197662
2024-06-12,2024-07-09,112.67138704718121,110.19897797053116,short,-6.486857505198099,0.2923723896775714,-6.77922989487567,17,CVX,BKR,12,2022-01-04,2024-01-08,1.1058494962197662
2024-04-04,2024-05-23,69.2033310396736,69.15860103545734,short,0.27823454536538256,0.4303271365756289,-0.15209259121024632,35,EOG,SLB,12,2022-01-04,2024-01-08,1.1434689327332297
2024-04-04,2024-05-15,81.13601966183225,78.3109671338409,short,20.522505593854383,0.5791488204228272,19.943356773431557,29,EOG,BKR,12,2022-01-04,2024-01-08,1.457851233040049
2024-05-29,2024-07-09,72.78003046218073,74.28060188202448,short,2.7252135183852184,0.13353966961747052,2.5916738487677478,27,EOG,BKR,12,2022-01-04,2024-01-08,1.457851233040049
2024-10-03,2024-10-14,113.50469134699858,137.84199445192252,short,72.34681173057541,0.37358558748688175,71.97322614308852,7,GS,AXP,13,2022-07-07,2024-07-10,1.3752963703962504
2024-11-06,2024-12-17,184.56516045165654,157.9543464722883,short,79.10521312335584,0.5090990192019801,78.59611410415386,28,GS,AXP,13,2022-07-07,2024-07-10,1.3752963703962504
2024-10-11,2024-12-18,47.93223750156343,57.480799395684606,short,-9.055637799318674,0.049985657110072614,-9.105623456428747,47,MS,BK,13,2022-07-07,2024-07-10,0.8246828952791889
2024-10-04,2024-12-18,58.343002627538084,70.12871722130353,short,-15.27221814244002,0.08323840336774568,-15.355456545807765,52,MS,AXP,13,2022-07-07,2024-07-10,0.17220819358135908
2024-10-22,2024-12-12,133.60425461095565,134.23783289869738,short,-0.9855640102246936,0.20832115539648538,-1.193885165621179,36,SBUX,GM,13,2022-07-07,2024-07-10,-0.7235574414525008
2024-12-17,2025-01-07,127.75126062647016,129.0891216731144,short,2.081112506165289,0.19976429279881613,1.8813482133664727,13,SBUX,GM,13,2022-07-07,2024-07-10,-0.7235574414525008
2024-10-18,2024-10-28,143.57672228345498,140.35810393078975,short,10.22111950306679,0.4508350279266782,9.770284475140112,6,JNJ,PFE,13,2022-07-07,2024-07-10,0.6317430528836339
2024-11-04,2025-01-07,137.73999099491655,127.2908573880456,short,-33.182512369290485,0.42081907149356057,-33.603331440784046,43,JNJ,PFE,13,2022-07-07,2024-07-10,0.6317430528836339
2024-10-18,2025-01-07,176.81417855566133,157.07521847551973,short,69.08636028049558,0.5843064448045668,68.50205383569102,54,JNJ,LLY,13,2022-07-07,2024-07-10,-0.017185717371282397
2024-10-29,2025-01-07,132.58883298018264,117.83725996544997,short,-44.80738049751645,0.380330193326326,-45.18771069084277,47,JNJ,BMY,13,2022-07-07,2024-07-10,0.46599264687628605
2024-10-03,2024-11-19,496.7243952192589,490.89394492075,short,8.855413448789253,0.7500079997065974,8.105405449082657,33,UNH,AMGN,13,2022-07-07,2024-07-10,0.2812511841892168
2024-11-20,2024-12-05,511.84988834300054,494.3884811888464,short,53.04152229450513,1.5282965009613347,51.513225793543796,10,UNH,AMGN,13,2022-07-07,2024-07-10,0.2812511841892168
2024-12-06,2025-01-07,465.96425360470573,435.9786939930102,short,-45.542713557268485,0.6849451842716254,-46.22765874154011,20,UNH,AMGN,13,2022-07-07,2024-07-10,0.2812511841892168
2024-10-03,2024-10-11,6.684227816892275,20.12054709326614,short,3.312631916237725,0.003304266259551194,3.3093276499781736,6,HON,LMT,13,2022-07-07,2024-07-10,0.3253446983089564
2024-10-22,2025-01-07,35.050565380072754,69.52409968632017,short,-33.99684918449202,0.05156432591445431,-34.048413510406476,52,HON,LMT,13,2022-07-07,2024-07-10,0.3253446983089564
2024-10-11,2024-10-24,121.11220568864785,113.41072268085539,short,11.326434469634473,0.17245435568164402,11.153980113952828,9,HON,RTX,13,2022-07-07,2024-07-10,0.7505391269409389
2024-11-06,2025-01-07,123.24530483406645,133.04671294853125,short,-28.82951416144209,0.3769241250766663,-29.206438286518758,41,HON,RTX,13,2022-07-07,2024-07-10,0.7505391269409389
2024-10-03,2025-01-07,379.1205520133959,257.30533002653834,short,443.1137450941472,1.1575279815850381,441.9562171125622,65,LMT,RTX,13,2022-07-07,2024-07-10,1.760822029272172
2024-10-03,2024-10-24,60.17397861082741,58.47602216402507,short,4.625255063506462,0.16160205931737168,4.463653004189091,15,XOM,BKR,13,2022-07-07,2024-07-10,1.603917772216842
2024-10-29,2025-01-07,55.736903571046405,37.96341990930971,short,-24.20759833310571,0.06381021969760814,-24.27140855280332,47,XOM,BKR,13,2022-07-07,2024-07-10,1.603917772216842
2024-10-14,2025-01-07,116.24299282456867,119.07487189688946,short,-6.764618943185658,0.28105643721224133,-7.045675380397899,58,CVX,SLB,13,2022-07-07,2024-07-10,0.6988124581127688
2024-10-03,2025-01-07,110.98911312452947,114.11169667561472,short,-7.803358160826207,0.28126425000734656,-8.084622410833553,65,CVX,HAL,13,2022-07-07,2024-07-10,1.1731555613259406
2024-10-14,2025-01-07,42.45765475829802,25.252805099491667,short,-16.084812753390647,0.03165125211370437,-16.11646400550435,58,COP,BKR,13,2022-07-07,2024-07-10,1.7415934940531819
2024-10-04,2024-10-15,68.21502367176825,65.13442005888875,short,3.9759554573496083,0.08605317579950832,3.8899022815501,7,EOG,BKR,13,2022-07-07,2024-07-10,1.657563355913163
2024-10-23,2024-11-18,62.41173786257026,63.74550203431217,short,1.7214116464980058,0.0814118967391787,1.639999749758827,18,EOG,BKR,13,2022-07-07,2024-07-10,1.657563355913163
2024-11-25,2025-01-07,58.471970869164736,54.368882523286274,short,-5.295616882541508,0.07281855493870901,-5.368435437480217,28,EOG,BKR,13,2022-07-07,2024-07-10,1.657563355913163
